Date,Adj Close,Close,High,Low,Open,Volume
2020-01-02,47320.65625,55200.0,56000.0,55000.0,55500.0,12993228
2020-01-03,47577.8359375,55500.0,56600.0,54900.0,56000.0,15422255
2020-01-06,47577.8359375,55500.0,55600.0,54600.0,54900.0,10278951
2020-01-07,47835.01171875,55800.0,56400.0,55600.0,55700.0,10009778
2020-01-08,48692.2734375,56800.0,57400.0,55900.0,56200.0,23501171
2020-01-09,50235.33203125,58600.0,58600.0,57400.0,58400.0,24102579
2020-01-10,51006.87109375,59500.0,59700.0,58300.0,58800.0,16000170
2020-01-13,51435.4921875,60000.0,60000.0,59100.0,59600.0,11359139
2020-01-14,51435.4921875,60000.0,61000.0,59900.0,60400.0,16906295
2020-01-15,50578.234375,59000.0,59600.0,58900.0,59500.0,14300928
2020-01-16,52035.58203125,60700.0,60700.0,59000.0,59100.0,14381774
2020-01-17,52549.92578125,61300.0,62000.0,61000.0,61900.0,16025661
2020-01-20,53492.91015625,62400.0,62800.0,61700.0,62000.0,12528855
2020-01-21,52635.6640625,61400.0,62400.0,61200.0,62000.0,11142693
2020-01-22,53407.1953125,62300.0,62600.0,60400.0,60500.0,15339565
2020-01-23,52121.3125,60800.0,61800.0,60700.0,61800.0,14916555
2020-01-28,50406.796875,58800.0,59400.0,58300.0,59400.0,23664541
2020-01-29,50663.9609375,59100.0,59700.0,58800.0,59100.0,16446102
2020-01-30,49035.17578125,57200.0,58800.0,56800.0,58800.0,20821939
2020-01-31,48349.3671875,56400.0,58400.0,56400.0,57800.0,19749457
2020-02-03,49035.17578125,57200.0,57400.0,55200.0,55500.0,23995260
2020-02-04,50492.515625,58900.0,59000.0,56800.0,57100.0,21800192
2020-02-05,51006.87109375,59500.0,60200.0,58900.0,60000.0,19278165
2020-02-06,52378.48046875,61100.0,61100.0,59700.0,60100.0,14727159
2020-02-07,51778.40625,60400.0,61200.0,59700.0,61100.0,16402493
2020-02-10,51178.32421875,59700.0,59800.0,59100.0,59200.0,13107121
2020-02-11,51349.7734375,59900.0,60700.0,59700.0,59800.0,11071231
2020-02-12,51864.13671875,60500.0,60700.0,59700.0,60300.0,12904207
2020-02-13,52035.58203125,60700.0,61600.0,60500.0,61200.0,18449775
2020-02-14,52978.56640625,61800.0,61900.0,60200.0,60900.0,13276067
2020-02-17,52721.3828125,61500.0,62000.0,61200.0,61600.0,8740596
2020-02-18,51264.046875,59800.0,60900.0,59700.0,60800.0,16674266
2020-02-19,51606.95703125,60200.0,60400.0,59400.0,59800.0,12951496
2020-02-20,51435.4921875,60000.0,61300.0,59600.0,60700.0,14591924
2020-02-21,50749.6953125,59200.0,59800.0,58500.0,58800.0,13777393
2020-02-24,48692.2734375,56800.0,58100.0,56800.0,57400.0,25627537
2020-02-25,49635.25390625,57900.0,58000.0,56200.0,56200.0,23885408
2020-02-26,48435.09375,56500.0,57000.0,56000.0,56000.0,25483102
2020-02-27,47920.73046875,55900.0,56900.0,55500.0,56300.0,23209541
2020-02-28,46463.3984375,54200.0,55500.0,54200.0,55000.0,30054227
2020-03-02,47149.21484375,55000.0,55500.0,53600.0,54300.0,30403412
2020-03-03,47492.1015625,55400.0,56900.0,55100.0,56700.0,30330295
2020-03-04,49206.62890625,57400.0,57600.0,54600.0,54800.0,24765728
2020-03-05,49549.52734375,57800.0,58000.0,56700.0,57600.0,21698990
2020-03-06,48435.09375,56500.0,57200.0,56200.0,56500.0,18716656
2020-03-09,48435.09375,56500.0,56500.0,56500.0,56500.0,0
2020-03-10,46806.3046875,54600.0,54900.0,53700.0,53800.0,32106554
2020-03-11,44663.16796875,52100.0,54400.0,52000.0,54300.0,45707281
2020-03-12,44663.16796875,52100.0,52100.0,52100.0,52100.0,0
2020-03-13,42820.05078125,49950.0,51600.0,46850.0,47450.0,59462933
2020-03-16,41919.9375,48900.0,50900.0,48800.0,50100.0,33339821
2020-03-17,40548.328125,47300.0,49650.0,46700.0,46900.0,51218151
2020-03-18,39090.98046875,45600.0,48350.0,45600.0,47750.0,40152623
2020-03-19,36819.234375,42950.0,46650.0,42300.0,46400.0,56925513
2020-03-20,38919.53125,45400.0,45500.0,43550.0,44150.0,49730008
2020-03-23,36433.48046875,42500.0,43550.0,42400.0,42600.0,41701626
2020-03-24,40248.28125,46950.0,46950.0,43050.0,43850.0,49801908
2020-03-25,41705.6171875,48650.0,49600.0,47150.0,48950.0,52735922
2020-03-26,40976.953125,47800.0,49300.0,47700.0,49000.0,42185129
2020-03-27,41405.58203125,48300.0,49700.0,46850.0,49600.0,39896178
2020-03-30,41322.67578125,47850.0,48350.0,46550.0,47050.0,26797395
2020-03-31,41236.31640625,47750.0,48500.0,47150.0,48000.0,30654261
2020-04-01,39552.3203125,45800.0,47900.0,45800.0,47450.0,27259532
2020-04-02,40415.91015625,46800.0,46850.0,45350.0,46200.0,21621076
2020-04-03,40588.6171875,47000.0,47600.0,46550.0,47400.0,22784682
2020-04-06,42056.71484375,48700.0,48800.0,47250.0,47500.0,23395726
2020-04-07,42833.94921875,49600.0,50200.0,49000.0,49650.0,31524034
2020-04-08,41970.35546875,48600.0,49750.0,48600.0,49600.0,25010314
2020-04-09,42402.16015625,49100.0,49800.0,48700.0,49750.0,22628058
2020-04-10,42531.69921875,49250.0,49250.0,48650.0,48950.0,17839111
2020-04-13,41711.2890625,48300.0,48900.0,48300.0,48650.0,14431800
2020-04-14,42315.7890625,49000.0,49200.0,48300.0,48800.0,14206216
2020-04-16,42315.7890625,49000.0,49350.0,48550.0,49350.0,23349760
2020-04-17,44388.4140625,51400.0,52000.0,50300.0,50800.0,32041675
2020-04-20,43265.7421875,50100.0,51400.0,50000.0,51400.0,21866354
2020-04-21,42531.69921875,49250.0,49700.0,48700.0,49400.0,27407543
2020-04-22,43049.84375,49850.0,50000.0,48350.0,48700.0,18613864
2020-04-23,43049.84375,49850.0,50300.0,49500.0,50200.0,18754442
2020-04-24,42618.0625,49350.0,49750.0,49000.0,49650.0,15618347
2020-04-27,43049.84375,49850.0,50000.0,49100.0,49350.0,14049471
2020-04-28,43265.7421875,50100.0,50100.0,49300.0,49850.0,16095399
2020-04-29,43179.375,50000.0,50500.0,49600.0,49900.0,15604533
2020-05-04,41884.0078125,48500.0,49100.0,48500.0,48900.0,26083749
2020-05-06,42488.5234375,49200.0,49200.0,48500.0,49000.0,18070225
2020-05-07,42143.078125,48800.0,49300.0,48700.0,49200.0,13884411
2020-05-08,42143.078125,48800.0,49350.0,48800.0,49100.0,15319700
2020-05-11,41797.64453125,48400.0,49250.0,48300.0,48900.0,16357743
2020-05-12,41365.85546875,47900.0,48500.0,47550.0,48400.0,23433590
2020-05-13,41927.17578125,48550.0,48550.0,47200.0,47250.0,20223277
2020-05-14,41452.21875,48000.0,48100.0,47650.0,47750.0,19305974
2020-05-15,41322.67578125,47850.0,48450.0,47700.0,48400.0,18463118
2020-05-18,42143.078125,48800.0,49100.0,47600.0,47950.0,20481981
2020-05-19,43438.4609375,50300.0,50500.0,49700.0,50100.0,25168295
2020-05-20,43179.375,50000.0,50200.0,49800.0,50000.0,14896899
2020-05-21,43136.203125,49950.0,50400.0,49850.0,50300.0,14949266
2020-05-22,42099.90625,48750.0,49800.0,48600.0,49600.0,19706284
2020-05-25,42186.26171875,48850.0,48900.0,48450.0,48750.0,14337913
2020-05-26,42531.69921875,49250.0,49450.0,48600.0,48700.0,15127490
2020-05-27,43093.0234375,49900.0,50000.0,48800.0,48950.0,19548479
2020-05-28,43524.82421875,50400.0,51200.0,49900.0,51100.0,31309318
2020-05-29,43783.90234375,50700.0,50700.0,49700.0,50000.0,27596961
2020-06-01,44215.6953125,51200.0,51200.0,50600.0,50800.0,16949183
2020-06-02,44388.4140625,51400.0,51500.0,50800.0,51000.0,14247933
2020-06-03,47065.52734375,54500.0,55000.0,51700.0,51800.0,49257814
2020-06-04,47151.890625,54600.0,57000.0,54600.0,55800.0,40220334
2020-06-05,47929.1171875,55500.0,55900.0,54000.0,54400.0,22743629
2020-06-08,47410.96484375,54900.0,56500.0,54700.0,56400.0,25634965
2020-06-09,47929.1171875,55500.0,56500.0,54400.0,55800.0,23998831
2020-06-10,47842.75,55400.0,55900.0,54900.0,55100.0,16742493
2020-06-11,46892.82421875,54300.0,55100.0,53200.0,54500.0,33815123
2020-06-12,45165.640625,52300.0,52800.0,51500.0,52100.0,26976019
2020-06-15,43093.0234375,49900.0,52000.0,49900.0,51400.0,28772921
2020-06-16,44992.9296875,52100.0,52100.0,50600.0,51200.0,21808375
2020-06-17,45079.27734375,52200.0,52900.0,51300.0,52100.0,26672595
2020-06-18,45165.640625,52300.0,52300.0,51600.0,52200.0,15982926
2020-06-19,45683.7890625,52900.0,52900.0,51600.0,52600.0,18157985
2020-06-22,44906.55859375,52000.0,52600.0,51800.0,52000.0,13801350
2020-06-23,44388.4140625,51400.0,52800.0,51100.0,52500.0,18086152
2020-06-24,45683.7890625,52900.0,53900.0,51600.0,51900.0,24519552
2020-06-25,44820.21875,51900.0,53000.0,51900.0,52100.0,18541624
2020-06-26,46029.2265625,53300.0,53900.0,52200.0,52800.0,21575360
2020-06-29,45554.5546875,52400.0,53200.0,52000.0,52500.0,17776925
2020-06-30,45902.30078125,52800.0,53900.0,52800.0,53900.0,21157172
2020-07-01,45728.421875,52600.0,53600.0,52400.0,53400.0,16706143
2020-07-02,45989.23046875,52900.0,52900.0,52100.0,52100.0,14142583
2020-07-03,46597.78125,53600.0,53600.0,52700.0,53000.0,11887868
2020-07-06,47814.88671875,55000.0,55000.0,53800.0,54000.0,19856623
2020-07-07,46423.9140625,53400.0,55900.0,53400.0,55800.0,30760032
2020-07-08,46076.17578125,53000.0,53900.0,52900.0,53600.0,19664652
2020-07-09,45902.30078125,52800.0,53600.0,52800.0,53200.0,17054850
2020-07-10,45815.35546875,52700.0,53200.0,52300.0,53100.0,13714746
2020-07-13,46423.9140625,53400.0,53800.0,53100.0,53300.0,12240188
2020-07-14,46771.66015625,53800.0,53800.0,53200.0,53700.0,14269484
2020-07-15,47554.0859375,54700.0,55000.0,54300.0,54400.0,24051450
2020-07-16,46771.66015625,53800.0,54800.0,53800.0,54800.0,16779127
2020-07-17,47293.26171875,54400.0,54700.0,54100.0,54200.0,10096174
2020-07-20,47119.40234375,54200.0,54800.0,54000.0,54800.0,10507530
2020-07-21,48075.69921875,55300.0,55400.0,54800.0,55200.0,18297260
2020-07-22,47554.0859375,54700.0,55500.0,54700.0,55300.0,12885057
2020-07-23,47032.46875,54100.0,54700.0,53800.0,54700.0,16214932
2020-07-24,47119.40234375,54200.0,54400.0,53700.0,54000.0,10994535
2020-07-27,48336.50390625,55600.0,55700.0,54300.0,54300.0,21054421
2020-07-28,50944.58984375,58600.0,58800.0,56400.0,57000.0,48431566
2020-07-29,51292.34765625,59000.0,60400.0,58600.0,60300.0,36476611
2020-07-30,51292.34765625,59000.0,60100.0,59000.0,59700.0,19285354
2020-07-31,50336.0390625,57900.0,59600.0,57700.0,59500.0,21943345
2020-08-03,49379.74609375,56800.0,57900.0,56700.0,57800.0,21158940
2020-08-04,49814.42578125,57300.0,58100.0,57000.0,57200.0,19419694
2020-08-05,49466.6796875,56900.0,57500.0,56300.0,57300.0,17739706
2020-08-06,50422.98046875,58000.0,58400.0,57100.0,57100.0,21625874
2020-08-07,49988.3046875,57500.0,58400.0,57100.0,57900.0,18751717
2020-08-10,50249.11328125,57800.0,58300.0,57500.0,57600.0,17774291
2020-08-11,50596.85546875,58200.0,59500.0,57800.0,58000.0,24907912
2020-08-12,51292.34765625,59000.0,59000.0,57700.0,58200.0,18573934
2020-08-13,51031.52734375,58700.0,59600.0,58000.0,59400.0,22089460
2020-08-14,50422.98046875,58000.0,58400.0,57700.0,58000.0,15672548
2020-08-18,50770.7265625,58400.0,59900.0,58000.0,58900.0,25307825
2020-08-19,50249.11328125,57800.0,59200.0,57800.0,59000.0,16930719
2020-08-20,48162.6328125,55400.0,57600.0,55300.0,57600.0,30386029
2020-08-21,48597.31640625,55900.0,56900.0,55800.0,56200.0,21142288
2020-08-24,48771.19140625,56100.0,56600.0,55400.0,55800.0,15055896
2020-08-25,49031.99609375,56400.0,56800.0,56100.0,56400.0,14021705
2020-08-26,49031.99609375,56400.0,56500.0,55700.0,56400.0,17651593
2020-08-27,48336.50390625,55600.0,56300.0,55600.0,56300.0,16196568
2020-08-28,48162.6328125,55400.0,56300.0,55400.0,56100.0,14619888
2020-08-31,46945.53125,54000.0,56100.0,54000.0,56000.0,32671367
2020-09-01,47119.40234375,54200.0,54800.0,54100.0,54100.0,19363117
2020-09-02,47293.26171875,54400.0,55100.0,54100.0,54600.0,16905723
2020-09-03,49031.99609375,56400.0,56700.0,55500.0,55600.0,28384920
2020-09-04,48336.50390625,55600.0,55800.0,55100.0,55200.0,22139109
2020-09-07,49118.94140625,56500.0,57300.0,55800.0,56100.0,18685880
2020-09-08,51031.52734375,58700.0,58700.0,57200.0,57400.0,31517520
2020-09-09,50770.7265625,58400.0,59300.0,57800.0,58200.0,30597399
2020-09-10,51466.21484375,59200.0,60000.0,59100.0,59900.0,29923293
2020-09-11,51292.34765625,59000.0,59400.0,58200.0,59300.0,16017098
2020-09-14,52509.4453125,60400.0,60800.0,59900.0,60200.0,20648281
2020-09-15,53031.05859375,61000.0,61000.0,60500.0,60900.0,17877075
2020-09-16,53031.05859375,61000.0,61300.0,60600.0,61100.0,17041444
2020-09-17,51727.02734375,59500.0,60800.0,59300.0,60700.0,25108356
2020-09-18,51553.1484375,59300.0,59900.0,59100.0,59800.0,18884571
2020-09-21,51466.21484375,59200.0,60000.0,59000.0,59100.0,15140387
2020-09-22,50596.85546875,58200.0,59700.0,57800.0,59100.0,20830381
2020-09-23,50944.58984375,58600.0,58800.0,57400.0,58400.0,20111398
2020-09-24,50249.11328125,57800.0,58600.0,57600.0,57700.0,17564020
2020-09-25,50336.0390625,57900.0,58200.0,57700.0,57700.0,11444683
2020-09-28,50908.09765625,58200.0,58800.0,57900.0,58300.0,12614080
2020-09-29,50908.09765625,58200.0,59000.0,58200.0,58300.0,15503563
2020-10-05,51345.45703125,58700.0,59200.0,57500.0,57500.0,20228289
2020-10-06,51607.875,59000.0,59900.0,58700.0,59400.0,14463826
2020-10-07,52395.1015625,59900.0,59900.0,58500.0,58700.0,14861838
2020-10-08,52220.1640625,59700.0,60700.0,59500.0,60500.0,24589924
2020-10-12,52832.46875,60400.0,60400.0,59900.0,60000.0,16145837
2020-10-13,53269.81640625,60900.0,61400.0,60400.0,61000.0,19247631
2020-10-14,53269.81640625,60900.0,61100.0,60500.0,61000.0,16086716
2020-10-15,52482.5703125,60000.0,60800.0,59700.0,60700.0,17756232
2020-10-16,52045.22265625,59500.0,60400.0,59000.0,60000.0,16554190
2020-10-19,52482.5703125,60000.0,60200.0,59500.0,59600.0,14474985
2020-10-20,53269.81640625,60900.0,60900.0,60100.0,60300.0,19326115
2020-10-21,53269.81640625,60900.0,61500.0,60600.0,61200.0,15703443
2020-10-22,52570.0546875,60100.0,60500.0,59800.0,60300.0,14294095
2020-10-23,52657.52734375,60200.0,60400.0,59800.0,60400.0,9322232
2020-10-26,52832.46875,60400.0,61100.0,60100.0,60400.0,13268226
2020-10-27,52307.6328125,59800.0,60300.0,59500.0,60300.0,17260416
2020-10-28,51607.875,59000.0,59400.0,58800.0,59400.0,14428882
2020-10-29,50820.63671875,58100.0,58500.0,57500.0,58200.0,22636966
2020-10-30,49508.57421875,56600.0,58000.0,56600.0,58000.0,26907844
2020-11-02,50208.3359375,57400.0,57500.0,56000.0,56400.0,20489076
2020-11-03,51432.921875,58800.0,58900.0,57600.0,57900.0,14950919
2020-11-04,51170.51171875,58500.0,59000.0,57800.0,58900.0,21718561
2020-11-05,52745.0,60300.0,60300.0,58800.0,59000.0,20639475
2020-11-06,52570.0546875,60100.0,60800.0,59600.0,60700.0,16910230
2020-11-09,52657.52734375,60200.0,60900.0,60100.0,60700.0,15892961
2020-11-10,52657.52734375,60200.0,60500.0,59500.0,60500.0,19073552
2020-11-11,53619.6953125,61300.0,61400.0,60400.0,60700.0,25628510
2020-11-12,53357.29296875,61000.0,61400.0,60700.0,61000.0,19800573
2020-11-13,55281.65625,63200.0,63200.0,61000.0,61300.0,31508829
2020-11-16,57993.24609375,66300.0,66700.0,63900.0,64000.0,36354334
2020-11-17,57468.4296875,65700.0,67000.0,65600.0,67000.0,30204089
2020-11-18,56681.1875,64800.0,66200.0,64700.0,65700.0,22963790
2020-11-19,56506.24609375,64600.0,64800.0,63900.0,64100.0,16590290
2020-11-20,56593.71484375,64700.0,65200.0,63900.0,63900.0,15068682
2020-11-23,59042.90625,67500.0,67800.0,64700.0,64800.0,27134398
2020-11-24,59217.84765625,67700.0,69500.0,67000.0,67900.0,32158235
2020-11-25,58255.66015625,66600.0,68300.0,66500.0,67900.0,32447065
2020-11-26,59480.25390625,68000.0,68000.0,66000.0,66100.0,19023323
2020-11-27,59655.2109375,68200.0,68400.0,67600.0,68000.0,14063434
2020-11-30,58343.14453125,66700.0,68600.0,66700.0,68400.0,43811016
2020-12-01,59305.328125,67800.0,68300.0,67100.0,67100.0,22327173
2020-12-02,60792.3203125,69500.0,69900.0,68300.0,68400.0,29703942
2020-12-03,60967.265625,69700.0,70500.0,69300.0,70100.0,23677989
2020-12-04,62541.7265625,71500.0,72100.0,70100.0,70400.0,28130533
2020-12-07,63766.33984375,72900.0,73500.0,71900.0,72400.0,28490496
2020-12-08,62716.6796875,71700.0,72900.0,71600.0,72200.0,25000338
2020-12-09,64641.0390625,73900.0,73900.0,72000.0,72100.0,24077996
2020-12-10,63766.33984375,72900.0,73800.0,72500.0,72700.0,39882928
2020-12-11,64203.703125,73400.0,73800.0,73100.0,73500.0,18486672
2020-12-14,64553.578125,73800.0,74500.0,73200.0,73600.0,21510415
2020-12-15,64553.578125,73800.0,74100.0,73300.0,73800.0,20863671
2020-12-16,64553.578125,73800.0,74500.0,73400.0,74100.0,17512081
2020-12-17,64116.21484375,73300.0,73700.0,72600.0,73400.0,24293214
2020-12-18,63853.83203125,73000.0,73700.0,73000.0,73300.0,17613029
2020-12-21,63853.83203125,73000.0,73400.0,72000.0,73100.0,20367355
2020-12-22,63241.49609375,72300.0,73200.0,72100.0,72500.0,16304910
2020-12-23,64641.0390625,73900.0,74000.0,72300.0,72400.0,19411326
2020-12-24,68052.3984375,77800.0,78800.0,74000.0,74100.0,32502870
2020-12-28,68839.640625,78700.0,80100.0,78200.0,79000.0,40085044
2020-12-29,70213.4140625,78300.0,78900.0,77300.0,78800.0,30339449
2020-12-30,72634.5859375,81000.0,81300.0,77300.0,77400.0,29417421
2021-01-04,74428.0390625,83000.0,84400.0,80200.0,81000.0,38655276
2021-01-05,75235.1015625,83900.0,83900.0,81600.0,81600.0,35335669
2021-01-06,73710.6484375,82200.0,84500.0,82100.0,83300.0,42089013
2021-01-07,74338.359375,82900.0,84200.0,82700.0,82800.0,32644642
2021-01-08,79629.015625,88800.0,90000.0,83000.0,83300.0,59013307
2021-01-11,81601.8125,91000.0,96800.0,89500.0,90000.0,90306177
2021-01-12,81243.140625,90600.0,91400.0,87800.0,90300.0,48682416
2021-01-13,80436.09375,89700.0,91200.0,89100.0,89800.0,36068848
2021-01-14,80436.09375,89700.0,90000.0,88700.0,88700.0,26393970
2021-01-15,78911.640625,88000.0,91800.0,88000.0,89800.0,33431809
2021-01-18,76221.46875,85000.0,87300.0,84100.0,86600.0,43227951
2021-01-19,78014.9296875,87000.0,88000.0,83600.0,84500.0,39895044
2021-01-20,78194.28125,87200.0,89000.0,86500.0,89000.0,25211127
2021-01-21,79001.3359375,88100.0,88600.0,86500.0,87500.0,25318011
2021-01-22,77835.59375,86800.0,89700.0,86800.0,89000.0,30861661
2021-01-25,80167.0703125,89400.0,89900.0,86300.0,87000.0,27258534
2021-01-26,77745.8984375,86700.0,89200.0,86500.0,88800.0,33178936
2021-01-27,76759.5078125,85600.0,87700.0,85600.0,86600.0,26423070
2021-01-28,75055.7421875,83700.0,85600.0,83200.0,83200.0,31859808
2021-01-29,73531.296875,82000.0,85000.0,82000.0,84500.0,39615978
2021-02-01,74428.0390625,83000.0,83400.0,81000.0,81700.0,28046832
2021-02-02,75683.4453125,84400.0,86400.0,83700.0,84100.0,26302077
2021-02-03,75862.78125,84600.0,85400.0,83400.0,84800.0,22112205
2021-02-04,73979.6796875,82500.0,83800.0,82100.0,83500.0,24171688
2021-02-05,74876.3984375,83500.0,84000.0,82500.0,83100.0,18036835
2021-02-08,74428.0390625,83000.0,84200.0,83000.0,83800.0,15338765
2021-02-09,74159.0234375,82700.0,84800.0,82700.0,84000.0,20898332
2021-02-10,73172.625,81600.0,82600.0,81600.0,82600.0,23025766
2021-02-15,75504.1015625,84200.0,84500.0,83300.0,83800.0,23529706
2021-02-16,76131.8125,84900.0,86000.0,84200.0,84500.0,20483100
2021-02-17,74607.359375,83200.0,84200.0,83000.0,83900.0,18307735
2021-02-18,73620.984375,82100.0,83600.0,82100.0,83200.0,21327683
2021-02-19,74069.34375,82600.0,82800.0,81000.0,82300.0,25880879
2021-02-22,73710.6484375,82200.0,84200.0,82200.0,83800.0,25419886
2021-02-23,73531.296875,82000.0,82900.0,81100.0,81200.0,20587314
2021-02-24,73531.296875,82000.0,83600.0,81300.0,81800.0,26807651
2021-02-25,76490.5,85300.0,85400.0,83000.0,84000.0,34155986
2021-02-26,73979.6796875,82500.0,83400.0,82000.0,82800.0,38520800
2021-03-02,74966.0703125,83600.0,85300.0,83000.0,85100.0,33498180
2021-03-03,75324.75,84000.0,84000.0,82800.0,83500.0,19882132
2021-03-04,73890.0,82400.0,83200.0,82200.0,82600.0,24348331
2021-03-05,73620.984375,82100.0,82600.0,81100.0,81100.0,20508971
2021-03-08,73531.296875,82000.0,83000.0,81600.0,82900.0,17641256
2021-03-09,72993.265625,81400.0,81900.0,80600.0,81400.0,25420764
2021-03-10,72544.90625,80900.0,82500.0,80700.0,82400.0,20038422
2021-03-11,73531.296875,82000.0,82500.0,81000.0,81000.0,23818297
2021-03-12,74248.671875,82800.0,83500.0,82400.0,83100.0,13530573
2021-03-15,73351.96875,81800.0,82900.0,81800.0,82800.0,13735798
2021-03-16,74248.671875,82800.0,83000.0,82100.0,82200.0,12293537
2021-03-17,73800.328125,82300.0,82900.0,82000.0,82800.0,11625146
2021-03-18,74338.359375,82900.0,83800.0,82600.0,82800.0,18585244
2021-03-19,73441.6328125,81900.0,82500.0,81800.0,82100.0,15869700
2021-03-22,73531.296875,82000.0,82300.0,81700.0,82000.0,12670506
2021-03-23,73351.96875,81800.0,82900.0,81800.0,82600.0,13299907
2021-03-24,72634.5859375,81000.0,81600.0,80700.0,81000.0,17926638
2021-03-25,72813.9453125,81200.0,82100.0,80800.0,81000.0,14758826
2021-03-26,73082.9609375,81500.0,81600.0,81000.0,81400.0,12845778
2021-03-29,73172.625,81600.0,81700.0,81000.0,81700.0,14952134
2021-03-30,74038.203125,82200.0,82300.0,81300.0,81600.0,13121698
2021-03-31,73317.640625,81400.0,82700.0,81400.0,82400.0,17240518
2021-04-01,74668.703125,82900.0,83000.0,82000.0,82500.0,18676461
2021-04-02,76380.046875,84800.0,85200.0,83900.0,84000.0,22997538
2021-04-05,76920.4609375,85400.0,86000.0,84800.0,85800.0,16255990
2021-04-06,77460.875,86000.0,86200.0,85100.0,86200.0,19042023
2021-04-07,77100.6015625,85600.0,86200.0,85400.0,86100.0,17885538
2021-04-08,76289.9765625,84700.0,85700.0,84100.0,85700.0,19244259
2021-04-09,75299.1953125,83600.0,84900.0,83400.0,84700.0,18193707
2021-04-12,74938.9140625,83200.0,84100.0,83100.0,84100.0,12915282
2021-04-13,75659.46875,84000.0,84500.0,82800.0,83000.0,15238206
2021-04-14,75659.46875,84000.0,84300.0,83400.0,84000.0,13794652
2021-04-15,75749.53125,84100.0,84500.0,83400.0,83700.0,16377412
2021-04-16,75569.40625,83900.0,84700.0,83600.0,84700.0,15429522
2021-04-19,75028.96875,83300.0,84000.0,83300.0,83800.0,15287311
2021-04-20,75569.40625,83900.0,84000.0,83100.0,83300.0,15521965
2021-04-21,74398.4921875,82600.0,83500.0,82500.0,83300.0,21636079
2021-04-22,74218.34375,82400.0,83000.0,82400.0,82900.0,13934746
2021-04-23,74578.625,82800.0,82900.0,81600.0,81900.0,17805080
2021-04-26,75209.125,83500.0,83500.0,82600.0,82900.0,15489938
2021-04-27,74668.703125,82900.0,83300.0,82500.0,83200.0,12941533
2021-04-28,73948.140625,82100.0,83200.0,82100.0,83200.0,15596759
2021-04-29,73587.8671875,81700.0,82500.0,81500.0,82400.0,20000973
2021-04-30,73407.6953125,81500.0,82100.0,81500.0,81900.0,18673197
2021-05-03,73587.8671875,81700.0,82400.0,81000.0,81000.0,15710336
2021-05-04,74398.4921875,82600.0,82600.0,81800.0,81900.0,12532550
2021-05-06,74128.28125,82300.0,82300.0,81700.0,81700.0,17047511
2021-05-07,73767.984375,81900.0,82100.0,81500.0,81800.0,14154882
2021-05-10,74938.9140625,83200.0,83500.0,81800.0,82300.0,19385027
2021-05-11,73137.484375,81200.0,82600.0,81100.0,82500.0,28996680
2021-05-12,72056.640625,80000.0,81200.0,79800.0,80800.0,35812268
2021-05-13,70705.5859375,78500.0,79600.0,78400.0,78900.0,31490096
2021-05-14,72146.71875,80100.0,80300.0,78900.0,79000.0,16450920
2021-05-17,71696.3671875,79600.0,80900.0,79200.0,80800.0,17740855
2021-05-18,71696.3671875,79600.0,80000.0,79100.0,79600.0,17494407
2021-05-20,71606.3046875,79500.0,79700.0,79100.0,79400.0,16541828
2021-05-21,72146.71875,80100.0,81500.0,79800.0,80100.0,20961714
2021-05-24,71786.4140625,79700.0,80400.0,79500.0,80100.0,13398666
2021-05-25,71966.5546875,79900.0,80400.0,79800.0,80000.0,13628942
2021-05-26,71876.5078125,79800.0,80500.0,79700.0,80400.0,11984359
2021-05-27,71696.3671875,79600.0,80000.0,79100.0,80000.0,23198510
2021-05-28,72146.71875,80100.0,80400.0,79400.0,79800.0,12360199
2021-05-31,72507.0,80500.0,80600.0,79600.0,80300.0,13321324
2021-06-01,72597.078125,80600.0,81300.0,80100.0,80500.0,14058401
2021-06-02,72777.2265625,80800.0,81400.0,80300.0,80400.0,16414644
2021-06-03,74578.625,82800.0,83000.0,81100.0,81300.0,29546007
2021-06-04,74038.203125,82200.0,82700.0,81500.0,82700.0,18112259
2021-06-07,73767.984375,81900.0,82800.0,81600.0,82700.0,16496197
2021-06-08,73767.984375,81900.0,82600.0,81800.0,82300.0,12781226
2021-06-09,73047.4140625,81100.0,82000.0,81100.0,81500.0,14908823
2021-06-10,72957.34375,81000.0,81400.0,80900.0,81300.0,17586995
2021-06-11,72957.34375,81000.0,81700.0,80700.0,81200.0,14087962
2021-06-14,72507.0,80500.0,80900.0,80500.0,80800.0,10550078
2021-06-15,72867.3046875,80900.0,81200.0,80600.0,80900.0,10075685
2021-06-16,73677.921875,81800.0,81900.0,81100.0,81500.0,14999855
2021-06-17,72867.3046875,80900.0,81300.0,80700.0,81100.0,14007385
2021-06-18,72507.0,80500.0,81100.0,80500.0,81100.0,14916721
2021-06-21,71966.5546875,79900.0,80000.0,79600.0,79700.0,16063340
2021-06-22,72056.640625,80000.0,80300.0,79900.0,80200.0,11773365
2021-06-23,72146.71875,80100.0,80600.0,79900.0,80500.0,13856548
2021-06-24,73137.484375,81200.0,81400.0,80100.0,80400.0,18771080
2021-06-25,73497.765625,81600.0,81900.0,81200.0,81500.0,13481405
2021-06-28,73767.984375,81900.0,82000.0,81600.0,81700.0,11578529
2021-06-29,73280.3515625,81000.0,82100.0,80800.0,81900.0,15744317
2021-06-30,73008.953125,80700.0,81400.0,80700.0,81100.0,13288643
2021-07-01,72466.1328125,80100.0,80600.0,80000.0,80500.0,13382882
2021-07-02,72375.65625,80000.0,80400.0,79900.0,80000.0,8753097
2021-07-05,72737.53125,80400.0,80800.0,80000.0,80100.0,8330969
2021-07-06,73461.296875,81200.0,81200.0,80500.0,80600.0,12131651
2021-07-07,73099.4296875,80800.0,81300.0,80300.0,81200.0,15992202
2021-07-08,72285.1875,79900.0,81200.0,79900.0,81100.0,16660998
2021-07-09,71832.84375,79400.0,79800.0,79000.0,79600.0,22720577
2021-07-12,72104.2421875,79700.0,80000.0,79500.0,79900.0,9768108
2021-07-13,72194.7265625,79800.0,80200.0,79800.0,80000.0,9863450
2021-07-14,71923.328125,79500.0,79600.0,79100.0,79400.0,11575636
2021-07-15,72918.484375,80600.0,80600.0,79500.0,79800.0,13766279
2021-07-16,72194.7265625,79800.0,80100.0,79500.0,80100.0,10859399
2021-07-19,71470.9765625,79000.0,79200.0,78800.0,79100.0,13155414
2021-07-20,71470.9765625,79000.0,79000.0,78400.0,78500.0,12456646
2021-07-21,71018.625,78500.0,79100.0,78500.0,79000.0,12355296
2021-07-22,72104.2421875,79700.0,79800.0,78900.0,79000.0,12618790
2021-07-23,71742.375,79300.0,79900.0,79200.0,79700.0,9098910
2021-07-26,71290.0546875,78800.0,79500.0,78800.0,79400.0,10040975
2021-07-27,71018.625,78500.0,79400.0,78500.0,79200.0,11427693
2021-07-28,71651.90625,79200.0,79200.0,78100.0,78300.0,12743417
2021-07-29,71470.9765625,79000.0,79400.0,78800.0,78800.0,14360453
2021-07-30,71018.625,78500.0,78900.0,78500.0,78900.0,13823411
2021-08-02,71742.375,79300.0,79500.0,78700.0,79200.0,11739124
2021-08-03,73642.2421875,81400.0,81400.0,79300.0,79400.0,24339360
2021-08-04,74999.296875,82900.0,83100.0,81800.0,82200.0,25642368
2021-08-05,74275.5390625,82100.0,83300.0,82000.0,83300.0,18485469
2021-08-06,73732.703125,81500.0,82500.0,81300.0,81900.0,13342623
2021-08-09,73732.703125,81500.0,82300.0,80900.0,81500.0,15522581
2021-08-10,72556.6015625,80200.0,82400.0,80100.0,82300.0,20362639
2021-08-11,71018.625,78500.0,79800.0,78500.0,79600.0,30241137
2021-08-12,69661.578125,77000.0,78200.0,76900.0,77100.0,42365223
2021-08-13,67309.3671875,74400.0,76000.0,74100.0,75800.0,61270643
2021-08-17,67128.421875,74200.0,75100.0,74000.0,74000.0,30944847
2021-08-18,66857.0234375,73900.0,74600.0,73100.0,73900.0,29192631
2021-08-19,66133.2734375,73100.0,74400.0,73100.0,73500.0,22166298
2021-08-20,65771.3984375,72700.0,73900.0,72500.0,73500.0,22364803
2021-08-23,66314.1953125,73300.0,74000.0,73000.0,73300.0,19384648
2021-08-24,68394.9921875,75600.0,75700.0,73900.0,73900.0,21016913
2021-08-25,68485.484375,75700.0,76600.0,74900.0,76200.0,22319664
2021-08-26,67490.2890625,74600.0,76200.0,74600.0,76100.0,16671494
2021-08-27,67218.8984375,74300.0,75000.0,73800.0,74300.0,15172748
2021-08-30,67490.2890625,74600.0,75500.0,74200.0,75400.0,12686999
2021-08-31,69390.171875,76700.0,76700.0,74300.0,74900.0,24630370
2021-09-01,69480.640625,76800.0,77100.0,75900.0,76700.0,16114775
2021-09-02,68756.8984375,76000.0,76800.0,75700.0,76800.0,15347486
2021-09-03,69299.6953125,76600.0,76700.0,76000.0,76400.0,12096419
2021-09-06,69932.984375,77300.0,77600.0,76600.0,76800.0,12861180
2021-09-07,68847.359375,76100.0,77100.0,75900.0,77100.0,13239401
2021-09-08,69028.3046875,76300.0,76400.0,75600.0,76000.0,11798147
2021-09-09,68123.59375,75300.0,76600.0,75000.0,76400.0,17600770
2021-09-10,68123.59375,75300.0,75600.0,74800.0,75300.0,10103212
2021-09-13,69028.3046875,76300.0,76300.0,75100.0,75200.0,11397775
2021-09-14,69299.6953125,76600.0,77700.0,76600.0,77100.0,18167057
2021-09-15,69661.578125,77000.0,77400.0,76400.0,77400.0,12829128
2021-09-16,68847.359375,76100.0,77400.0,76100.0,77300.0,13067622
2021-09-17,69842.515625,77200.0,77200.0,75900.0,76300.0,16289502
2021-09-23,70023.4609375,77400.0,77600.0,76800.0,77500.0,17055590
2021-09-24,69932.984375,77300.0,77700.0,77100.0,77600.0,12247274
2021-09-27,70294.859375,77700.0,77700.0,77000.0,77300.0,11699798
2021-09-28,69028.3046875,76300.0,77800.0,76200.0,77700.0,15406382
2021-09-29,67356.640625,74100.0,75300.0,73800.0,74800.0,23992458
2021-09-30,67356.640625,74100.0,74800.0,73700.0,74300.0,19919361
2021-10-01,66538.546875,73200.0,74000.0,72900.0,73900.0,15803395
2021-10-05,65629.546875,72200.0,73000.0,71400.0,73000.0,24013921
2021-10-06,64811.44921875,71300.0,72800.0,71200.0,72600.0,18956962
2021-10-07,65084.140625,71600.0,72100.0,71300.0,71600.0,13683532
2021-10-08,64993.24609375,71500.0,72400.0,71500.0,72300.0,14043287
2021-10-12,62720.75390625,69000.0,70900.0,68700.0,70700.0,31001484
2021-10-13,62538.953125,68800.0,69600.0,68300.0,68700.0,24172015
2021-10-14,63084.3515625,69400.0,69800.0,68800.0,69000.0,19520641
2021-10-15,63720.6640625,70100.0,71000.0,70000.0,70200.0,18051612
2021-10-18,63811.5625,70200.0,70300.0,69200.0,70200.0,13486391
2021-10-19,64175.1484375,70600.0,71000.0,70400.0,70800.0,9507991
2021-10-20,63902.46484375,70300.0,71000.0,70200.0,70700.0,10151638
2021-10-21,63811.5625,70200.0,70600.0,70000.0,70300.0,10891094
2021-10-22,63993.34765625,70400.0,70700.0,70000.0,70000.0,8395448
2021-10-25,63811.5625,70200.0,70600.0,69500.0,69900.0,10029621
2021-10-26,64629.64453125,71100.0,71500.0,70400.0,70600.0,10528252
2021-10-27,63720.6640625,70100.0,71000.0,70000.0,71000.0,10295316
2021-10-28,64266.04296875,70700.0,72200.0,69500.0,69500.0,20644902
2021-10-29,63447.96484375,69800.0,71600.0,69700.0,71200.0,17016151
2021-11-01,63538.85546875,69900.0,70600.0,69900.0,70200.0,11503729
2021-11-02,64993.24609375,71500.0,72200.0,70700.0,70800.0,16812570
2021-11-03,63993.34765625,70400.0,71700.0,70100.0,71700.0,12770428
2021-11-04,64175.1484375,70600.0,71600.0,70500.0,71200.0,11818987
2021-11-05,63811.5625,70200.0,71600.0,70200.0,71600.0,12667743
2021-11-08,64175.1484375,70600.0,70600.0,69800.0,70400.0,11121981
2021-11-09,64084.26953125,70500.0,71000.0,70100.0,70300.0,11159589
2021-11-10,63811.5625,70200.0,70900.0,70200.0,70300.0,9422009
2021-11-11,63538.85546875,69900.0,70000.0,69600.0,69900.0,11489122
2021-11-12,64175.1484375,70600.0,70900.0,69900.0,70200.0,10087450
2021-11-15,64902.3515625,71400.0,71900.0,70900.0,71700.0,12420710
2021-11-16,64811.44921875,71300.0,72000.0,71300.0,71500.0,10919239
2021-11-17,64266.04296875,70700.0,71600.0,70600.0,71300.0,11027606
2021-11-18,63811.5625,70200.0,71000.0,70200.0,70700.0,10144957
2021-11-19,64720.546875,71200.0,71400.0,70100.0,70400.0,11954728
2021-11-22,68083.84375,74900.0,75200.0,73000.0,73300.0,27506623
2021-11-23,68447.4375,75300.0,76000.0,74500.0,76000.0,22029195
2021-11-24,67992.9453125,74800.0,76200.0,74100.0,76000.0,15652305
2021-11-25,66993.0390625,73700.0,75100.0,73600.0,75100.0,12559258
2021-11-26,65720.4296875,72300.0,74100.0,72000.0,73500.0,13002242
2021-11-29,65720.4296875,72300.0,73000.0,71400.0,71700.0,16682559
2021-11-30,64811.44921875,71300.0,73900.0,70500.0,73200.0,30364841
2021-12-01,67629.34375,74400.0,74800.0,71600.0,72000.0,21954856
2021-12-02,68901.9375,75800.0,75800.0,73800.0,73900.0,23652940
2021-12-03,68720.1328125,75600.0,76000.0,74100.0,75600.0,18330240
2021-12-06,69356.4453125,76300.0,76700.0,74900.0,75100.0,16391250
2021-12-07,70356.328125,77400.0,77700.0,75600.0,76100.0,19232453
2021-12-08,70356.328125,77400.0,78600.0,77100.0,78300.0,21558340
2021-12-09,71083.53125,78200.0,78200.0,77000.0,77400.0,21604528
2021-12-10,69901.84375,76900.0,77600.0,76800.0,77400.0,9155219
2021-12-13,69810.9453125,76800.0,78300.0,76500.0,77200.0,15038750
2021-12-14,69992.734375,77000.0,77200.0,76200.0,76500.0,10976660
2021-12-15,70538.125,77600.0,77600.0,76300.0,76400.0,9584939
2021-12-16,70719.9453125,77800.0,78500.0,77400.0,78500.0,11996128
2021-12-17,70901.71875,78000.0,78000.0,76800.0,76800.0,13108479
2021-12-20,70083.625,77100.0,77800.0,76800.0,77600.0,11264375
2021-12-21,70992.6171875,78100.0,78300.0,77500.0,77900.0,14245298
2021-12-22,72174.3203125,79400.0,79400.0,78800.0,78900.0,17105892
2021-12-23,72628.8125,79900.0,80000.0,79300.0,79800.0,13577498
2021-12-24,73174.21875,80500.0,80800.0,80200.0,80200.0,12086380
2021-12-27,72901.5234375,80200.0,80600.0,79800.0,80600.0,10783368
2021-12-28,72992.421875,80300.0,80400.0,79700.0,80200.0,18226325
2021-12-29,71952.4140625,78800.0,80200.0,78500.0,80200.0,19794795
2021-12-30,71495.8515625,78300.0,79500.0,78100.0,78900.0,14236700
2022-01-04,71861.0859375,78700.0,79200.0,78300.0,78800.0,12427416
2022-01-05,70674.0546875,77400.0,79000.0,76400.0,78800.0,25470640
2022-01-06,70217.515625,76900.0,77600.0,76600.0,76700.0,12931954
2022-01-07,71495.8515625,78300.0,78400.0,77400.0,78100.0,15163757
2022-01-10,71221.90625,78000.0,78100.0,77100.0,78100.0,9947422
2022-01-11,72043.7109375,78900.0,79000.0,78000.0,78400.0,13221123
2022-01-12,72043.7109375,78900.0,79600.0,78600.0,79500.0,11000502
2022-01-13,71130.609375,77900.0,79300.0,77900.0,79300.0,13889401
2022-01-14,70582.75,77300.0,78100.0,77100.0,77700.0,10096725
2022-01-17,70765.359375,77500.0,77800.0,76900.0,77600.0,8785122
2022-01-18,70308.8203125,77000.0,77800.0,76600.0,77600.0,9592788
2022-01-19,69669.6484375,76300.0,76900.0,76100.0,76500.0,10598290
2022-01-20,69852.2578125,76500.0,76700.0,75900.0,76200.0,9708168
2022-01-21,69030.4609375,75600.0,75800.0,74700.0,75800.0,15774888
2022-01-24,68573.90625,75100.0,75800.0,74700.0,75400.0,13691134
2022-01-25,67569.5078125,74000.0,75000.0,73200.0,74800.0,17766704
2022-01-26,67569.5078125,74000.0,74000.0,74000.0,74000.0,0
2022-01-27,65104.1484375,71300.0,74000.0,71300.0,73800.0,22274777
2022-01-28,66930.328125,73300.0,73700.0,71200.0,71300.0,21367447
2022-02-03,66930.328125,73300.0,74900.0,73300.0,74900.0,17744721
2022-02-04,67569.5078125,74000.0,74600.0,73400.0,74300.0,12730034
2022-02-07,66656.4140625,73000.0,73600.0,72400.0,73500.0,14240838
2022-02-08,66656.4140625,73000.0,73000.0,73000.0,73000.0,0
2022-02-09,66656.4140625,73000.0,73000.0,73000.0,73000.0,0
2022-02-10,68847.859375,75400.0,75800.0,74700.0,75600.0,17746033
2022-02-11,68391.3046875,74900.0,75500.0,74600.0,75000.0,12205407
2022-02-14,67295.578125,73700.0,74500.0,73100.0,74400.0,13993255
2022-02-15,67295.578125,73700.0,74200.0,73100.0,74100.0,9320365
2022-02-16,68300.0,74800.0,74900.0,74200.0,74600.0,10767386
2022-02-17,68482.6171875,75000.0,75600.0,74500.0,75000.0,13605382
2022-02-18,67843.4453125,74300.0,74800.0,73700.0,74600.0,10122226
2022-02-21,67843.4453125,74300.0,74300.0,74300.0,74300.0,0
2022-02-22,67843.4453125,74300.0,74300.0,74300.0,74300.0,0
2022-02-23,67843.4453125,74300.0,74300.0,74300.0,74300.0,0
2022-02-24,65286.75,71500.0,72300.0,71300.0,72300.0,15759283
2022-02-25,65651.9921875,71900.0,72600.0,71900.0,72100.0,13168484
2022-02-28,65651.9921875,71900.0,71900.0,71900.0,71900.0,0
2022-03-02,65469.390625,71700.0,72400.0,71500.0,72300.0,12481430
2022-03-03,66565.0859375,72900.0,73100.0,72200.0,72300.0,13232638
2022-03-04,66565.0859375,72900.0,72900.0,72900.0,72900.0,0
2022-03-07,64008.41796875,70100.0,70600.0,69900.0,70000.0,18617138
2022-03-08,63460.55078125,69500.0,70000.0,68700.0,68800.0,15828269
2022-03-10,63460.55078125,69500.0,69500.0,69500.0,69500.0,0
2022-03-11,63917.11328125,70000.0,70700.0,69700.0,70500.0,15787655
2022-03-14,64099.72265625,70200.0,70200.0,69600.0,70000.0,9040993
2022-03-15,64099.72265625,70200.0,70200.0,70200.0,70200.0,0
2022-03-16,64282.34375,70400.0,70500.0,69700.0,70200.0,10175750
2022-03-17,64282.34375,70400.0,70400.0,70400.0,70400.0,0
2022-03-18,64556.265625,70700.0,70900.0,70200.0,70600.0,14410038
2022-03-21,63825.78515625,69900.0,71000.0,69900.0,70900.0,11169002
2022-03-22,64191.046875,70300.0,70500.0,69900.0,69900.0,9402666
2022-03-23,64373.6640625,70500.0,71200.0,70300.0,70600.0,12398025
2022-03-24,63734.49609375,69800.0,70300.0,69600.0,69600.0,37943357
2022-03-25,63734.49609375,69800.0,70200.0,69600.0,70100.0,12986010
2022-03-28,63643.1796875,69700.0,69900.0,69200.0,69500.0,12619289
2022-03-29,64099.72265625,70200.0,70300.0,69800.0,70000.0,13686208
2022-03-30,64155.71875,69900.0,70500.0,69800.0,70300.0,12670187
2022-03-31,63880.3671875,69600.0,70200.0,69600.0,69900.0,12510366
2022-04-01,63421.4453125,69100.0,69500.0,69000.0,69500.0,15916846
2022-04-04,63605.00390625,69300.0,69300.0,68600.0,68900.0,11107905
2022-04-05,63513.234375,69200.0,69600.0,69100.0,69400.0,8467248
2022-04-06,62870.76953125,68500.0,68800.0,68500.0,68600.0,15517308
2022-04-07,62411.859375,68000.0,68500.0,68000.0,68500.0,20683327
2022-04-08,62228.29296875,67800.0,68300.0,67700.0,68100.0,15453191
2022-04-11,62320.06640625,67900.0,68100.0,67400.0,67800.0,12263735
2022-04-12,61494.03125,67000.0,67700.0,67000.0,67600.0,13924389
2022-04-13,63054.328125,68700.0,69000.0,67200.0,67300.0,17378619
2022-04-14,61952.93359375,67500.0,68700.0,67500.0,68700.0,16409494
2022-04-15,61126.90234375,66600.0,67300.0,66500.0,67200.0,13176415
2022-04-18,61218.69140625,66700.0,67100.0,66100.0,66500.0,10119203
2022-04-19,61769.3671875,67300.0,68000.0,67000.0,67100.0,12959434
2022-04-20,61861.15234375,67400.0,67400.0,66500.0,67000.0,16693293
2022-04-21,62136.5078125,67700.0,68300.0,67500.0,67600.0,12847448
2022-04-22,61494.03125,67000.0,67300.0,66700.0,67200.0,11791478
2022-04-25,60851.54296875,66300.0,66700.0,66300.0,66500.0,11016474
2022-04-26,60667.98828125,66100.0,66700.0,66100.0,66400.0,12946923
2022-04-27,59658.390625,65000.0,65500.0,64900.0,65400.0,18122084
2022-04-28,59474.82421875,64800.0,65500.0,64500.0,65400.0,16895527
2022-04-29,61861.15234375,67400.0,67600.0,65000.0,65100.0,26190390
2022-05-02,61769.3671875,67300.0,67600.0,66500.0,66600.0,14106184
2022-05-03,61952.93359375,67500.0,68400.0,67300.0,67400.0,14168875
2022-05-04,62320.06640625,67900.0,68400.0,67500.0,68000.0,11505248
2022-05-06,61035.125,66500.0,67100.0,66500.0,67000.0,14356156
2022-05-10,60300.86328125,65700.0,66300.0,65300.0,65900.0,17235605
2022-05-11,60300.86328125,65700.0,66300.0,65200.0,65500.0,12330920
2022-05-12,59566.6015625,64900.0,65500.0,64900.0,65200.0,16414188
2022-05-13,61035.125,66500.0,66700.0,65200.0,65300.0,14551536
2022-05-16,60851.54296875,66300.0,67400.0,66100.0,67100.0,11937555
2022-05-17,62044.71484375,67600.0,67900.0,66600.0,66600.0,15680447
2022-05-18,62503.625,68100.0,68700.0,67600.0,68300.0,16486319
2022-05-19,61952.93359375,67500.0,67600.0,66500.0,66500.0,17073727
2022-05-20,62411.859375,68000.0,68400.0,67700.0,67800.0,12109671
2022-05-23,62320.06640625,67900.0,68800.0,67600.0,68800.0,13684088
2022-05-24,61035.125,66500.0,67700.0,66500.0,67500.0,15482576
2022-05-25,60943.33203125,66400.0,67100.0,65900.0,66700.0,15150490
2022-05-26,60484.43359375,65900.0,67200.0,65500.0,66300.0,15970890
2022-05-27,61035.125,66500.0,66900.0,66200.0,66700.0,11405555
2022-05-30,62136.5078125,67700.0,67800.0,66900.0,67500.0,14255484
2022-05-31,61861.15234375,67400.0,67500.0,66700.0,67500.0,24365002
2022-06-02,61218.69140625,66700.0,67000.0,66400.0,66600.0,14959443
2022-06-03,61310.46484375,66800.0,67300.0,66800.0,67200.0,8222883
2022-06-07,60117.29296875,65500.0,66400.0,65400.0,66200.0,19355755
2022-06-08,59933.734375,65300.0,65700.0,65300.0,65400.0,12483180
2022-06-09,59841.953125,65200.0,65200.0,64500.0,65100.0,25790725
2022-06-10,58557.00390625,63800.0,64400.0,63800.0,64000.0,22193552
2022-06-13,56996.703125,62100.0,62800.0,62100.0,62400.0,22157816
2022-06-14,56813.13671875,61900.0,62200.0,61100.0,61200.0,24606419
2022-06-15,55711.75390625,60700.0,61500.0,60200.0,61300.0,26811224
2022-06-16,55895.31640625,60900.0,61800.0,60500.0,61300.0,23394895
2022-06-17,54885.71484375,59800.0,59900.0,59400.0,59400.0,29053450
2022-06-20,53876.11328125,58700.0,59900.0,58100.0,59800.0,34111306
2022-06-21,53692.546875,58500.0,59200.0,58200.0,58700.0,25148109
2022-06-22,52866.50390625,57600.0,59100.0,57600.0,59000.0,23334687
2022-06-23,52682.9375,57400.0,58000.0,56800.0,57700.0,28338608
2022-06-24,53600.765625,58400.0,59100.0,57700.0,57900.0,23256103
2022-06-27,53967.89453125,58800.0,59900.0,58300.0,59000.0,18122236
2022-06-28,54518.58984375,59400.0,59500.0,58700.0,59200.0,13540538
2022-06-29,53559.13671875,58000.0,58800.0,58000.0,58500.0,14677138
2022-06-30,52635.70703125,57000.0,57600.0,57000.0,57200.0,18915142
2022-07-01,51896.96484375,56200.0,57500.0,55900.0,56900.0,24982097
2022-07-04,52728.05078125,57100.0,57400.0,55700.0,56100.0,17807126
2022-07-05,52820.3984375,57200.0,58200.0,57200.0,57600.0,14216539
2022-07-06,52081.64453125,56400.0,57300.0,56400.0,57300.0,16820461
2022-07-07,53743.828125,58200.0,58700.0,56300.0,56400.0,21322833
2022-07-08,54205.54296875,58700.0,59300.0,58200.0,58600.0,15339271
2022-07-11,54297.88671875,58800.0,59600.0,58700.0,59300.0,13042624
2022-07-12,53651.484375,58100.0,58700.0,58100.0,58600.0,9336061
2022-07-13,53559.13671875,58000.0,58600.0,58000.0,58300.0,10841315
2022-07-14,53097.421875,57500.0,58200.0,57400.0,57500.0,15067012
2022-07-15,55406.0078125,60000.0,60000.0,58100.0,58400.0,18685583
2022-07-18,57160.52734375,61900.0,62000.0,60500.0,60600.0,20832517
2022-07-19,56237.09765625,60900.0,61500.0,60200.0,61400.0,15248261
2022-07-20,55867.71875,60500.0,62100.0,60500.0,61800.0,16782238
2022-07-21,57068.1875,61800.0,61900.0,60700.0,61100.0,12291374
2022-07-22,56606.47265625,61300.0,62200.0,61200.0,61800.0,10261310
2022-07-25,56421.78515625,61100.0,61900.0,60800.0,60900.0,9193681
2022-07-26,56975.83984375,61700.0,61900.0,60800.0,60800.0,6597211
2022-07-27,57068.1875,61800.0,61900.0,61200.0,61300.0,7320997
2022-07-28,57160.52734375,61900.0,62600.0,61600.0,62300.0,10745302
2022-07-29,56698.8203125,61400.0,62600.0,61300.0,62400.0,15093120
2022-08-01,56606.47265625,61300.0,61700.0,60300.0,61000.0,13154816
2022-08-02,56975.83984375,61700.0,61900.0,61000.0,61200.0,13614895
2022-08-03,56606.47265625,61300.0,61600.0,61000.0,61600.0,10053861
2022-08-04,56791.16015625,61500.0,61800.0,61200.0,61700.0,9125439
2022-08-05,56791.16015625,61500.0,61900.0,61200.0,61700.0,9567620
2022-08-08,56144.75390625,60800.0,61400.0,60600.0,61400.0,11313150
2022-08-09,55406.0078125,60000.0,60700.0,59600.0,60600.0,18251170
2022-08-10,54574.91015625,59100.0,59200.0,58600.0,58900.0,18084349
2022-08-11,55313.66015625,59900.0,60000.0,59300.0,59600.0,15141941
2022-08-12,55590.703125,60200.0,60700.0,59400.0,59500.0,10786658
2022-08-16,56329.4375,61000.0,61600.0,60300.0,60500.0,15036727
2022-08-17,55775.3828125,60400.0,61200.0,60300.0,61100.0,9061518
2022-08-18,56791.16015625,61500.0,61900.0,60000.0,60300.0,16372754
2022-08-19,56237.09765625,60900.0,61600.0,60600.0,61400.0,6923679
2022-08-22,55406.0078125,60000.0,60400.0,59800.0,60300.0,8259865
2022-08-23,54574.91015625,59100.0,59600.0,59000.0,59000.0,9041629
2022-08-24,54482.57421875,59000.0,59500.0,59000.0,59200.0,8888486
2022-08-25,55128.98046875,59700.0,59700.0,59000.0,59200.0,5767902
2022-08-26,55406.0078125,60000.0,60900.0,59900.0,60300.0,9499995
2022-08-29,54113.203125,58600.0,58900.0,58600.0,58700.0,9841329
2022-08-30,54297.88671875,58800.0,59000.0,58300.0,58700.0,9690044
2022-08-31,55128.98046875,59700.0,59900.0,58200.0,58200.0,14203512
2022-09-01,53928.515625,58400.0,58900.0,58300.0,58700.0,14905777
2022-09-02,53097.421875,57500.0,58600.0,57500.0,58300.0,15040310
2022-09-05,52728.05078125,57100.0,57800.0,56800.0,57400.0,11425977
2022-09-06,52728.05078125,57100.0,57600.0,56900.0,57200.0,7503086
2022-09-07,51712.27734375,56000.0,56700.0,55900.0,56700.0,17384854
2022-09-08,51342.8984375,55600.0,56400.0,55600.0,56200.0,18000016
2022-09-13,53651.484375,58100.0,58500.0,56800.0,57000.0,17166581
2022-09-14,52451.0234375,56800.0,57200.0,56100.0,56200.0,12524961
2022-09-15,51712.27734375,56000.0,57100.0,56000.0,57000.0,11664819
2022-09-16,51896.96484375,56200.0,56400.0,55500.0,55600.0,13456503
2022-09-19,52081.64453125,56400.0,57000.0,56000.0,56300.0,12278653
2022-09-20,51527.58984375,55800.0,57000.0,55800.0,56400.0,14041465
2022-09-21,51065.87890625,55300.0,55500.0,55000.0,55400.0,11863700
2022-09-22,50234.78125,54400.0,54700.0,54300.0,54600.0,12786510
2022-09-23,50327.125,54500.0,54900.0,54200.0,54400.0,10555964
2022-09-26,49773.078125,53900.0,54200.0,53600.0,53700.0,15008449
2022-09-27,50050.09375,54200.0,54200.0,53500.0,53800.0,16631289
2022-09-28,48849.63671875,52900.0,54400.0,52500.0,53900.0,19991129
2022-09-29,48906.3515625,52600.0,53700.0,52600.0,53300.0,13882080
2022-09-30,49371.23828125,53100.0,53600.0,51800.0,52300.0,22503249
2022-10-04,51323.7734375,55200.0,55400.0,54500.0,55300.0,19148435
2022-10-05,52067.59765625,56000.0,57200.0,55400.0,56900.0,22458970
2022-10-06,52346.52734375,56300.0,57300.0,56300.0,56700.0,14944446
2022-10-07,52253.5546875,56200.0,56900.0,55200.0,55900.0,16886813
2022-10-11,51509.7265625,55400.0,55700.0,54000.0,54400.0,21437877
2022-10-12,51881.640625,55800.0,57000.0,55200.0,55700.0,18408910
2022-10-13,51323.7734375,55200.0,56100.0,55200.0,55400.0,13784602
2022-10-14,52346.52734375,56300.0,56500.0,55800.0,56200.0,12924326
2022-10-17,52625.4609375,56600.0,57000.0,55700.0,55800.0,13641878
2022-10-18,52532.48046875,56500.0,57100.0,55800.0,56700.0,14820702
2022-10-19,51881.640625,55800.0,56900.0,55700.0,56700.0,12660652
2022-10-20,51602.69921875,55500.0,56000.0,55100.0,55200.0,17107653
2022-10-21,51974.6171875,55900.0,56300.0,55100.0,55100.0,11456060
2022-10-24,53462.2578125,57500.0,57500.0,56700.0,57000.0,16944503
2022-10-25,53648.2109375,57700.0,58600.0,57000.0,57000.0,17405678
2022-10-26,55228.84375,59400.0,59600.0,57700.0,58000.0,20824967
2022-10-27,55321.82421875,59500.0,60100.0,58900.0,59700.0,21756712
2022-10-28,53276.3046875,57300.0,59200.0,57200.0,58900.0,20924937
2022-10-31,55228.84375,59400.0,59900.0,58000.0,58100.0,18999514
2022-11-01,55786.70703125,60000.0,60300.0,59500.0,59900.0,17201647
2022-11-02,55414.78515625,59600.0,60000.0,59300.0,59700.0,13202919
2022-11-03,55042.88671875,59200.0,59800.0,58100.0,58600.0,17492162
2022-11-04,55228.84375,59400.0,59500.0,58400.0,59100.0,12445841
2022-11-07,55972.671875,60200.0,60300.0,59400.0,59700.0,12437246
2022-11-08,57460.30859375,61800.0,61900.0,60500.0,60500.0,18273898
2022-11-09,57646.26171875,62000.0,62200.0,61300.0,62000.0,14045592
2022-11-10,56158.6171875,60400.0,61500.0,60400.0,61400.0,21087633
2022-11-11,58483.06640625,62900.0,63200.0,62300.0,63100.0,20037163
2022-11-14,57553.28125,61900.0,62900.0,61700.0,62900.0,15973416
2022-11-15,58018.1796875,62400.0,62500.0,61600.0,62200.0,12310986
2022-11-16,58297.109375,62700.0,62700.0,61700.0,62400.0,12909260
2022-11-17,57088.3984375,61400.0,62000.0,61300.0,62000.0,13298296
2022-11-18,57460.30859375,61800.0,62400.0,61400.0,61800.0,12236503
2022-11-21,57088.3984375,61400.0,61800.0,60800.0,61400.0,9378097
2022-11-22,56344.578125,60600.0,61200.0,60300.0,60900.0,9411289
2022-11-23,56716.4765625,61000.0,61300.0,60700.0,61200.0,8765050
2022-11-24,57088.3984375,61400.0,61700.0,60900.0,61200.0,8125010
2022-11-25,56716.4765625,61000.0,61700.0,60800.0,61400.0,6677933
2022-11-28,55879.6796875,60100.0,60500.0,59800.0,60500.0,8589032
2022-11-29,56344.578125,60600.0,60600.0,59800.0,59900.0,7014160
2022-11-30,57832.21875,62200.0,62200.0,60200.0,60400.0,19768903
2022-12-01,58204.125,62600.0,63200.0,62300.0,63100.0,16631445
2022-12-02,56158.6171875,60400.0,62500.0,60400.0,62500.0,15331184
2022-12-05,56065.640625,60300.0,61100.0,60000.0,60900.0,13767787
2022-12-06,55042.88671875,59200.0,60100.0,59200.0,59800.0,13888300
2022-12-07,54763.94921875,58900.0,59600.0,58500.0,58800.0,12100662
2022-12-08,55042.88671875,59200.0,59200.0,58600.0,58700.0,12986815
2022-12-09,56158.6171875,60400.0,60600.0,59300.0,59300.0,10529632
2022-12-12,55321.82421875,59500.0,60000.0,59400.0,59900.0,9036472
2022-12-13,55507.77734375,59700.0,60300.0,59400.0,59600.0,9040873
2022-12-14,56251.59375,60500.0,60600.0,59800.0,59800.0,8207485
2022-12-15,55135.86328125,59300.0,60200.0,59300.0,59800.0,8716039
2022-12-16,55321.82421875,59500.0,59500.0,58300.0,58300.0,13033596
2022-12-19,55321.82421875,59500.0,59900.0,59100.0,59500.0,7696187
2022-12-20,54485.01953125,58600.0,59100.0,58500.0,59000.0,9284761
2022-12-21,53927.14453125,58000.0,59100.0,58000.0,58700.0,10356971
2022-12-22,54949.90234375,59100.0,59100.0,58100.0,58100.0,10720630
2022-12-23,54020.125,58100.0,58400.0,57700.0,58200.0,9829407
2022-12-26,53834.171875,57900.0,58100.0,57700.0,58000.0,6756411
2022-12-27,54020.125,58100.0,58400.0,57900.0,58000.0,10667027
2022-12-28,52954.484375,56600.0,57600.0,56400.0,57600.0,14665410
2022-12-29,51738.22265625,55300.0,56200.0,55300.0,56000.0,11295935
2023-01-02,51925.3359375,55500.0,56100.0,55200.0,55500.0,10031448
2023-01-03,51831.78125,55400.0,56000.0,54500.0,55400.0,13547030
2023-01-04,54077.19921875,57800.0,58000.0,55600.0,55700.0,20188071
2023-01-05,54451.4296875,58200.0,58800.0,57600.0,58200.0,15682826
2023-01-06,55199.91015625,59000.0,59400.0,57900.0,58300.0,17334989
2023-01-09,56790.41015625,60700.0,60700.0,59600.0,59700.0,18640107
2023-01-10,56509.73046875,60400.0,61100.0,59900.0,60200.0,14859797
2023-01-11,56603.296875,60500.0,61200.0,60300.0,61000.0,12310751
2023-01-12,56603.296875,60500.0,61200.0,59900.0,61100.0,16102561
2023-01-13,56883.9765625,60800.0,61200.0,60400.0,60500.0,12510328
2023-01-16,57164.65625,61100.0,61600.0,60800.0,61300.0,10039972
2023-01-17,57071.09765625,61000.0,61500.0,60600.0,61200.0,9831456
2023-01-18,56509.73046875,60400.0,61000.0,59900.0,60700.0,11584041
2023-01-19,57538.88671875,61500.0,61500.0,60400.0,60500.0,12808490
2023-01-20,57819.56640625,61800.0,62300.0,61100.0,62100.0,9646327
2023-01-25,59222.95703125,63300.0,63700.0,63000.0,63500.0,39217
2023-01-26,59690.7578125,63800.0,63900.0,63300.0,63800.0,54188
2023-01-27,60439.2265625,64600.0,65000.0,63900.0,64400.0,44282
2023-01-30,59222.95703125,63300.0,64900.0,63100.0,64900.0,59628
2023-01-31,57445.33203125,61400.0,63700.0,61000.0,63500.0,163847
2023-02-01,57071.09765625,61000.0,62700.0,61000.0,62600.0,98585
2023-02-02,59410.06640625,63500.0,63900.0,62600.0,63200.0,65992
2023-02-03,59410.06640625,63500.0,64000.0,63000.0,63900.0,47567
2023-02-06,57632.44921875,61600.0,63000.0,61600.0,62800.0,144104
2023-02-07,58006.68359375,62000.0,62500.0,61600.0,61900.0,32873
2023-02-08,59035.83203125,63100.0,63300.0,62400.0,62800.0,42558
2023-02-09,59222.95703125,63300.0,63300.0,62300.0,63000.0,48035
2023-02-10,58848.71875,62900.0,63000.0,62400.0,62600.0,44786
2023-02-13,58848.71875,62900.0,63000.0,62300.0,62900.0,59395
2023-02-14,59129.3984375,63200.0,63900.0,63200.0,63600.0,70606
2023-02-15,58193.80859375,62200.0,63900.0,62000.0,63900.0,58370
2023-02-16,59597.1953125,63700.0,63700.0,62400.0,62500.0,41448
2023-02-17,58568.0390625,62600.0,63300.0,62400.0,62900.0,28613
2023-02-20,58661.6015625,62700.0,63000.0,61800.0,62900.0,29846
2023-02-21,58100.25,62100.0,62800.0,62000.0,62700.0,60971
2023-02-22,57164.65625,61100.0,61800.0,61000.0,61500.0,39178
2023-02-23,58006.68359375,62000.0,62500.0,61500.0,61700.0,37145
2023-02-24,57351.7734375,61300.0,62600.0,61300.0,62300.0,50792
2023-02-27,56603.296875,60500.0,60800.0,60200.0,60800.0,11155697
2023-02-28,56696.86328125,60600.0,61400.0,60500.0,60800.0,13715861
2023-03-02,56883.9765625,60800.0,61800.0,60500.0,60900.0,13095682
2023-03-03,56603.296875,60500.0,61200.0,60500.0,61000.0,10711405
2023-03-06,57538.88671875,61500.0,61600.0,60800.0,61100.0,13630602
2023-03-07,56790.41015625,60700.0,61400.0,60700.0,61400.0,11473280
2023-03-08,56416.18359375,60300.0,60500.0,59900.0,60100.0,14161857
2023-03-09,56229.05859375,60100.0,60800.0,59900.0,60500.0,14334499
2023-03-10,55667.70703125,59500.0,59700.0,59100.0,59500.0,11902471
2023-03-13,56135.50390625,60000.0,60200.0,59300.0,59900.0,12779724
2023-03-14,55199.91015625,59000.0,59500.0,59000.0,59400.0,12147346
2023-03-15,55948.3828125,59800.0,60300.0,59600.0,60000.0,10482149
2023-03-16,56041.9453125,59900.0,60200.0,59100.0,59200.0,10611939
2023-03-17,57351.7734375,61300.0,61300.0,60600.0,60800.0,14090110
2023-03-20,56322.6171875,60200.0,61200.0,60200.0,61100.0,9618009
2023-03-21,56416.18359375,60300.0,60700.0,60100.0,60500.0,8318514
2023-03-22,57164.65625,61100.0,61200.0,60500.0,61000.0,8978591
2023-03-23,58287.36328125,62300.0,62300.0,60600.0,60600.0,15381057
2023-03-24,58942.2734375,63000.0,63300.0,62300.0,62700.0,18278602
2023-03-27,58100.25,62100.0,62800.0,62000.0,62600.0,11039331
2023-03-28,58848.71875,62900.0,62900.0,62100.0,62400.0,11614118
2023-03-29,58661.6015625,62700.0,62700.0,62200.0,62500.0,11216008
2023-03-30,59471.81640625,63200.0,63700.0,63100.0,63700.0,15684377
2023-03-31,60224.61328125,64000.0,64000.0,63700.0,64000.0,14094479
2023-04-03,59377.703125,63100.0,64000.0,63000.0,64000.0,11973133
2023-04-04,59848.2109375,63600.0,63800.0,62800.0,63400.0,11120514
2023-04-05,60130.5078125,63900.0,64000.0,63400.0,63700.0,9176149
2023-04-06,58624.89453125,62300.0,63600.0,62300.0,63500.0,14992747
2023-04-07,61165.625,65000.0,65200.0,63800.0,63800.0,27476120
2023-04-10,61824.33203125,65700.0,66300.0,64700.0,64800.0,18777166
2023-04-11,62012.5390625,65900.0,66200.0,65400.0,66200.0,16323183
2023-04-12,62106.640625,66000.0,66200.0,65300.0,65800.0,15021313
2023-04-13,62200.734375,66100.0,66100.0,65400.0,65600.0,15091022
2023-04-14,61259.7265625,65100.0,66600.0,65000.0,66600.0,16176490
2023-04-17,61447.9296875,65300.0,65600.0,64700.0,65000.0,13486618
2023-04-18,61730.23046875,65600.0,66000.0,64800.0,65900.0,14802060
2023-04-19,61636.1328125,65500.0,65800.0,65300.0,65500.0,10255985
2023-04-20,61447.9296875,65300.0,65300.0,64600.0,65100.0,9501169
2023-04-21,61824.33203125,65700.0,65900.0,65400.0,65800.0,10538622
2023-04-24,61353.828125,65200.0,65700.0,64800.0,65300.0,12986581
2023-04-25,59848.2109375,63600.0,65400.0,63400.0,65300.0,16193271
2023-04-26,60318.71484375,64100.0,64300.0,63300.0,63600.0,12664541
2023-04-27,60789.22265625,64600.0,65000.0,63300.0,64100.0,14779601
2023-04-28,61636.1328125,65500.0,65900.0,65000.0,65200.0,19699481
2023-05-02,61824.33203125,65700.0,66300.0,65100.0,66000.0,14396948
2023-05-03,61542.03515625,65400.0,65600.0,64900.0,65100.0,8876749
2023-05-04,61259.7265625,65100.0,65700.0,64700.0,65600.0,9791064
2023-05-08,62012.5390625,65900.0,66300.0,65400.0,66300.0,9405365
2023-05-09,61447.9296875,65300.0,65800.0,65100.0,65800.0,9366861
2023-05-10,60789.22265625,64600.0,65500.0,64300.0,65500.0,13057727
2023-05-11,60412.8125,64200.0,65100.0,64200.0,64700.0,11648905
2023-05-12,60318.71484375,64100.0,64600.0,63600.0,63700.0,8693913
2023-05-15,60695.1171875,64500.0,64600.0,63900.0,64100.0,8172021
2023-05-16,61542.03515625,65400.0,65900.0,65300.0,65800.0,12334657
2023-05-17,61165.625,65000.0,65900.0,64800.0,65900.0,10745504
2023-05-18,62294.8359375,66200.0,66200.0,65700.0,66000.0,14431704
2023-05-19,64365.05859375,68400.0,68400.0,67500.0,67800.0,20349345
2023-05-22,64459.15234375,68500.0,69000.0,68000.0,68400.0,14470308
2023-05-23,64365.05859375,68400.0,68700.0,68100.0,68500.0,8561643
2023-05-24,64459.15234375,68500.0,68700.0,68000.0,68100.0,8192896
2023-05-25,64741.4609375,68800.0,70000.0,68700.0,69900.0,14231160
2023-05-26,66152.96875,70300.0,70400.0,69500.0,69800.0,19549511
2023-05-30,68035.0,72300.0,72300.0,71200.0,71300.0,27476897
2023-05-31,67188.078125,71400.0,72500.0,71000.0,72400.0,25666087
2023-06-01,66717.59375,70900.0,71600.0,70600.0,70900.0,14669296
2023-06-02,67940.8984375,72200.0,72200.0,71600.0,71700.0,12161798
2023-06-05,67470.390625,71700.0,72700.0,71400.0,72700.0,12686829
2023-06-07,66811.6796875,71000.0,71600.0,70800.0,71300.0,14796613
2023-06-08,66717.59375,70900.0,70900.0,70000.0,70400.0,19165568
2023-06-09,67752.6953125,72000.0,72300.0,70800.0,71100.0,15050209
2023-06-12,66811.6796875,71000.0,72400.0,70800.0,72100.0,12064287
2023-06-13,67752.6953125,72000.0,72200.0,71600.0,71700.0,13227285
2023-06-14,67658.6015625,71900.0,72200.0,71100.0,72100.0,12541046
2023-06-15,67282.1875,71500.0,72300.0,71300.0,72100.0,13614994
2023-06-16,67564.4921875,71800.0,71900.0,70900.0,71800.0,15373696
2023-06-19,66999.875,71200.0,71700.0,70900.0,71300.0,11100887
2023-06-20,67188.078125,71400.0,71400.0,70400.0,70700.0,11557883
2023-06-21,66341.1875,70500.0,71200.0,70400.0,70700.0,10626603
2023-06-22,67093.984375,71300.0,71500.0,70100.0,70200.0,11411007
2023-06-23,67376.3046875,71600.0,72200.0,71600.0,72000.0,12329484
2023-06-26,68129.1015625,72400.0,72500.0,71500.0,71700.0,10541901
2023-06-27,68317.296875,72600.0,72600.0,72000.0,72500.0,9442997
2023-06-28,68411.3984375,72700.0,72700.0,72000.0,72600.0,8783093
2023-06-29,68469.0859375,72400.0,73400.0,72400.0,73100.0,12229967
2023-06-30,68279.953125,72200.0,72700.0,71700.0,72500.0,11694765
2023-07-03,69036.5,73000.0,73200.0,72600.0,72700.0,10722181
2023-07-04,69036.5,73000.0,73600.0,72900.0,73400.0,10214350
2023-07-05,68090.796875,72000.0,73300.0,71900.0,73000.0,12310610
2023-07-06,67712.53125,71600.0,72400.0,71500.0,71900.0,14777667
2023-07-07,66104.8359375,69900.0,71400.0,69800.0,71100.0,17308877
2023-07-10,65726.5546875,69500.0,70400.0,69200.0,70000.0,11713926
2023-07-11,67617.9609375,71500.0,71500.0,70100.0,70200.0,12177392
2023-07-12,67996.234375,71900.0,72000.0,71100.0,71200.0,10375581
2023-07-13,67996.234375,71900.0,72600.0,71900.0,72400.0,14417279
2023-07-14,69414.796875,73400.0,73400.0,72400.0,72500.0,15882519
2023-07-17,69320.2109375,73300.0,73500.0,72800.0,73200.0,10060049
2023-07-18,68090.796875,72000.0,73500.0,72000.0,73200.0,11697900
2023-07-19,67807.09375,71700.0,72800.0,71300.0,72700.0,10896412
2023-07-20,67145.09375,71000.0,71500.0,70800.0,71100.0,9732730
2023-07-21,66483.0859375,70300.0,70400.0,69400.0,70400.0,16528926
2023-07-24,66577.6796875,70400.0,70900.0,69900.0,70100.0,13418597
2023-07-25,66199.390625,70000.0,70500.0,69800.0,70000.0,14314945
2023-07-26,66010.25,69800.0,70600.0,68100.0,69800.0,30016221
2023-07-27,67807.09375,71700.0,71700.0,69300.0,69900.0,24261179
2023-07-28,66766.828125,70600.0,72400.0,70100.0,71800.0,19420683
2023-07-31,66010.25,69800.0,71000.0,69800.0,70900.0,13035420
2023-08-01,67239.6640625,71100.0,71200.0,70000.0,70100.0,12299254
2023-08-02,66104.8359375,69900.0,71000.0,69800.0,70700.0,13835020
2023-08-03,65064.546875,68800.0,70200.0,68500.0,69900.0,20087090
2023-08-04,64591.6953125,68300.0,69100.0,68200.0,68800.0,12360193
2023-08-07,64780.82421875,68500.0,69200.0,67600.0,67700.0,10968505
2023-08-08,63929.6953125,67600.0,69100.0,67400.0,69000.0,14664709
2023-08-09,65159.12109375,68900.0,69600.0,67900.0,68000.0,17259673
2023-08-10,64308.0,68000.0,68500.0,67800.0,68300.0,10227311
2023-08-11,63835.1328125,67500.0,68800.0,67500.0,68400.0,9781038
2023-08-14,63645.98828125,67300.0,67900.0,66900.0,67500.0,9352343
2023-08-16,63362.28515625,67000.0,67100.0,66300.0,66700.0,13174578
2023-08-17,63078.5703125,66700.0,66800.0,66000.0,66300.0,10778652
2023-08-18,62700.28125,66300.0,66700.0,65800.0,66000.0,11745006
2023-08-21,62983.98828125,66600.0,67100.0,66300.0,66600.0,9720067
2023-08-22,62983.98828125,66600.0,67700.0,66300.0,67200.0,10500242
2023-08-23,63456.83984375,67100.0,67100.0,66400.0,66700.0,9549352
2023-08-24,64497.12109375,68200.0,68700.0,67900.0,68300.0,15044463
2023-08-25,63456.83984375,67100.0,67400.0,66900.0,67100.0,7032462
2023-08-28,63173.140625,66800.0,67000.0,66500.0,66800.0,5824628
2023-08-29,63173.140625,66800.0,67200.0,66600.0,66900.0,9114352
2023-08-30,63456.83984375,67100.0,67700.0,67100.0,67300.0,9181223
2023-08-31,63267.703125,66900.0,67200.0,66400.0,67100.0,15964630
2023-09-01,67145.09375,71000.0,71000.0,66700.0,66800.0,29738235
2023-09-04,67334.2421875,71200.0,72900.0,70700.0,72900.0,26286495
2023-09-05,66861.390625,70700.0,71500.0,70200.0,70900.0,12330239
2023-09-06,66199.390625,70000.0,70800.0,69700.0,70700.0,11414620
2023-09-07,66577.6796875,70400.0,70600.0,69600.0,70000.0,13741241
2023-09-08,66483.0859375,70300.0,70300.0,69600.0,70200.0,10688118
2023-09-11,66955.953125,70800.0,70800.0,70000.0,70400.0,11785462
2023-09-12,66672.25,70500.0,71000.0,70400.0,70800.0,11688599
2023-09-13,67050.5390625,70900.0,71600.0,70300.0,71100.0,15955797
2023-09-14,67807.09375,71700.0,71800.0,70800.0,71200.0,21041407
2023-09-15,68090.796875,72000.0,72300.0,71400.0,71700.0,17823512
2023-09-18,66388.5390625,70200.0,71700.0,70200.0,71300.0,16040727
2023-09-19,66010.25,69800.0,70800.0,69600.0,70400.0,11820188
2023-09-20,65821.1171875,69600.0,70300.0,69500.0,70000.0,10873015
2023-09-21,65159.12109375,68900.0,69800.0,68800.0,69200.0,10796336
2023-09-22,65064.546875,68800.0,68900.0,68300.0,68300.0,9897840
2023-09-25,65631.96875,69400.0,69700.0,68500.0,68500.0,13582516
2023-09-26,65214.63671875,68600.0,70000.0,68400.0,70000.0,13143470
2023-09-27,65024.51171875,68400.0,69100.0,68200.0,68600.0,14886491
2023-10-04,64168.92578125,67500.0,67700.0,66700.0,67400.0,23361149
2023-10-05,63408.41015625,66700.0,67400.0,66700.0,67300.0,16108313
2023-10-06,62742.94921875,66000.0,67300.0,66000.0,67100.0,14386527
2023-10-10,63123.19921875,66400.0,67600.0,66200.0,66200.0,19889202
2023-10-11,64834.37890625,68200.0,69400.0,67900.0,68600.0,25209349
2023-10-12,65499.84765625,68900.0,69700.0,68200.0,68600.0,19311380
2023-10-13,64644.2578125,68000.0,68500.0,67700.0,68000.0,9724086
2023-10-16,63978.79296875,67300.0,68500.0,66800.0,67900.0,12599299
2023-10-17,65975.1640625,69400.0,69900.0,67400.0,67700.0,17299253
2023-10-18,67020.875,70500.0,70500.0,68800.0,68900.0,16493184
2023-10-19,66070.2265625,69500.0,70000.0,69400.0,69700.0,13985012
2023-10-20,65404.7578125,68800.0,69200.0,68100.0,68900.0,15204495
2023-10-23,65024.51171875,68400.0,69100.0,68200.0,68700.0,11625959
2023-10-24,65119.56640625,68500.0,68800.0,67700.0,68700.0,12791710
2023-10-25,64644.2578125,68000.0,68800.0,67900.0,68800.0,10610703
2023-10-26,63408.41015625,66700.0,67900.0,66700.0,67000.0,15517624
2023-10-27,63978.79296875,67300.0,67300.0,66700.0,67100.0,11334726
2023-10-30,63978.79296875,67300.0,67800.0,66700.0,66800.0,10139270
2023-10-31,63598.52734375,66900.0,68300.0,66900.0,67600.0,14488892
2023-11-01,65214.63671875,68600.0,68900.0,67300.0,67500.0,13775256
2023-11-02,66260.359375,69700.0,70000.0,69400.0,70000.0,16350031
2023-11-03,66165.28125,69600.0,70200.0,69500.0,69700.0,10322234
2023-11-06,67401.1328125,70900.0,70900.0,69300.0,69800.0,22228489
2023-11-07,67401.1328125,70900.0,70900.0,70000.0,70600.0,17228731
2023-11-08,66450.5,69900.0,71400.0,69700.0,71300.0,12901310
2023-11-09,66830.7265625,70300.0,70800.0,69600.0,69900.0,12301373
2023-11-10,67020.875,70500.0,70500.0,69500.0,70000.0,9684347
2023-11-13,66925.8125,70400.0,71300.0,70300.0,71300.0,9246919
2023-11-14,67306.0625,70800.0,71100.0,70600.0,71000.0,9567984
2023-11-15,68636.9921875,72200.0,72200.0,71500.0,71600.0,20148677
2023-11-16,69207.3828125,72800.0,73000.0,72300.0,72500.0,15860451
2023-11-17,68922.1640625,72500.0,73000.0,72300.0,72300.0,11494644
2023-11-20,69112.3046875,72700.0,73000.0,72100.0,72100.0,10610157
2023-11-21,69207.3828125,72800.0,73400.0,72700.0,73100.0,9712881
2023-11-22,69207.3828125,72800.0,73000.0,71900.0,72200.0,11105143
2023-11-23,68827.1015625,72400.0,73200.0,72200.0,73000.0,6775614
2023-11-24,68161.671875,71700.0,72600.0,71700.0,72400.0,6676685
2023-11-27,67781.3828125,71300.0,72100.0,71100.0,71500.0,9113857
2023-11-28,69112.3046875,72700.0,72700.0,71300.0,71400.0,13283081
2023-11-29,69112.3046875,72700.0,72800.0,72200.0,72400.0,9283933
2023-11-30,69207.3828125,72800.0,72800.0,72200.0,72700.0,15783714
2023-12-01,68446.84375,72000.0,72500.0,71700.0,72400.0,9871284
2023-12-04,69017.234375,72600.0,72900.0,72400.0,72800.0,10229267
2023-12-05,67686.3203125,71200.0,72400.0,71200.0,72300.0,12129682
2023-12-06,68161.671875,71700.0,72100.0,71600.0,71800.0,8123087
2023-12-07,67971.5234375,71500.0,71900.0,71100.0,71800.0,8862017
2023-12-08,69017.234375,72600.0,72800.0,71900.0,72100.0,10859463
2023-12-11,69397.5,73000.0,73000.0,72200.0,72800.0,9861960
2023-12-12,69872.828125,73500.0,73500.0,73100.0,73300.0,13758646
2023-12-13,69207.3828125,72800.0,73500.0,72800.0,73300.0,13116766
2023-12-14,69492.5546875,73100.0,74300.0,72500.0,74100.0,27567593
2023-12-15,69682.6953125,73300.0,74000.0,73200.0,73800.0,15419815
2023-12-18,69302.4375,72900.0,73400.0,72800.0,73300.0,9690551
2023-12-19,69777.7421875,73400.0,73400.0,72800.0,73000.0,8907632
2023-12-20,71108.671875,74800.0,74900.0,73800.0,74200.0,16870156
2023-12-21,71298.8125,75000.0,75000.0,74300.0,74600.0,13478766
2023-12-22,72154.390625,75900.0,76300.0,75400.0,75800.0,14515608
2023-12-26,72819.8359375,76600.0,76700.0,75700.0,76100.0,13164909
2023-12-27,74501.8671875,78000.0,78000.0,76500.0,76700.0,20651042
2023-12-28,74979.4375,78500.0,78500.0,77500.0,77700.0,17797536
2024-01-02,76030.1015625,79600.0,79800.0,78200.0,78200.0,17142847
2024-01-03,73546.7265625,77000.0,78800.0,77000.0,78500.0,21753644
2024-01-04,73164.65625,76600.0,77300.0,76100.0,76100.0,15324439
2024-01-05,73164.65625,76600.0,77100.0,76400.0,76700.0,11304316
2024-01-08,73069.1328125,76500.0,77500.0,76400.0,77000.0,11088724
2024-01-09,71349.859375,74700.0,77700.0,74300.0,77400.0,26019249
2024-01-10,70299.1953125,73600.0,75200.0,73200.0,75000.0,20259529
2024-01-11,69917.140625,73200.0,73600.0,72700.0,72900.0,57691266
2024-01-12,69821.625,73100.0,74100.0,72800.0,73000.0,13038939
2024-01-15,70585.7421875,73900.0,74000.0,73200.0,73200.0,2957915
2024-01-16,69344.0390625,72600.0,73700.0,72500.0,73500.0,14760415
2024-01-17,67815.8125,71000.0,73300.0,71000.0,73100.0,22683660
2024-01-18,68484.4140625,71700.0,72000.0,70700.0,71600.0,17853397
2024-01-19,71349.859375,74700.0,74700.0,73000.0,73500.0,23363427
2024-01-22,71731.9296875,75100.0,76000.0,75000.0,75900.0,19673375
2024-01-23,71827.4296875,75200.0,75800.0,74300.0,75700.0,14786224
2024-01-24,70681.25,74000.0,75200.0,73500.0,75200.0,12860661
2024-01-25,70776.7734375,74100.0,74800.0,73700.0,74200.0,11737747
2024-01-26,70108.15625,73400.0,74500.0,73300.0,73700.0,11160062
2024-01-29,71063.328125,74400.0,75200.0,73500.0,73800.0,13976521
2024-01-30,70967.8046875,74300.0,75300.0,73700.0,75000.0,12244418
2024-01-31,69439.5625,72700.0,74000.0,72500.0,73400.0,15703560
2024-02-01,70299.1953125,73600.0,74200.0,72900.0,73000.0,19881033
2024-02-02,71827.4296875,75200.0,75200.0,73700.0,74000.0,14955881
2024-02-05,70967.8046875,74300.0,74800.0,73500.0,74200.0,19026021
2024-02-06,71063.328125,74400.0,74700.0,73300.0,74300.0,14559254
2024-02-07,71636.4296875,75000.0,75500.0,74300.0,74600.0,16566445
2024-02-08,70776.7734375,74100.0,75200.0,73600.0,75000.0,20810708
2024-02-13,71827.4296875,75200.0,75200.0,74400.0,74800.0,21966745
2024-02-14,70681.25,74000.0,74300.0,73700.0,73700.0,12434945
2024-02-15,69917.140625,73200.0,74400.0,73000.0,74200.0,14120600
2024-02-16,69535.0859375,72800.0,73400.0,72500.0,73300.0,13444781
2024-02-19,70490.2421875,73800.0,73900.0,72800.0,72800.0,12726404
2024-02-20,70012.640625,73300.0,73700.0,72800.0,73700.0,14681477
2024-02-21,69726.109375,73000.0,73700.0,72900.0,73400.0,11503495
2024-02-22,69821.625,73100.0,73900.0,72700.0,73800.0,15208934
2024-02-23,69630.59375,72900.0,74200.0,72900.0,73600.0,16225166
2024-02-26,69535.0859375,72800.0,73200.0,72200.0,72300.0,14669352
2024-02-27,69630.59375,72900.0,73400.0,72700.0,73100.0,13201981
2024-02-28,69917.140625,73200.0,73900.0,72800.0,72900.0,11795859
2024-02-29,70108.15625,73400.0,73400.0,72000.0,72600.0,21176403
2024-03-04,71540.90625,74900.0,75000.0,74000.0,74300.0,23210474
2024-03-05,70394.703125,73700.0,74800.0,73700.0,74600.0,19505125
2024-03-06,69630.59375,72900.0,73500.0,72700.0,73200.0,21547905
2024-03-07,68961.984375,72200.0,73300.0,72200.0,73100.0,14516963
2024-03-08,70012.640625,73300.0,73400.0,72600.0,72800.0,19271349
2024-03-11,69153.0234375,72400.0,73100.0,72300.0,72900.0,9740504
2024-03-12,70012.640625,73300.0,73500.0,72100.0,72600.0,13011654
2024-03-13,70776.7734375,74100.0,74100.0,73500.0,73700.0,15243134
2024-03-14,70967.8046875,74300.0,74500.0,73600.0,74400.0,22545539
2024-03-15,69057.5,72300.0,73700.0,72300.0,73400.0,22580555
2024-03-18,69535.0859375,72800.0,73000.0,72500.0,72600.0,11520348
2024-03-19,69535.0859375,72800.0,73000.0,71700.0,72300.0,15376066
2024-03-20,73451.1953125,76900.0,77200.0,73400.0,73700.0,50106297
2024-03-21,75743.5703125,79300.0,79300.0,77700.0,79200.0,44569799
2024-03-22,75361.515625,78900.0,79900.0,77800.0,79600.0,26724761
2024-03-25,74692.890625,78200.0,79800.0,77800.0,79600.0,18703996
2024-03-26,76316.65625,79900.0,80100.0,79200.0,79700.0,30551494
2024-03-27,76221.1328125,79800.0,80000.0,79200.0,79200.0,17424595
2024-03-28,77527.015625,80800.0,81000.0,79200.0,79400.0,25084812
2024-03-29,79062.2109375,82400.0,82500.0,80900.0,81200.0,27126366
2024-04-01,78678.3984375,82000.0,83300.0,82000.0,83200.0,20116513
2024-04-02,81556.8828125,85000.0,85000.0,82900.0,82900.0,37077944
2024-04-03,80693.3359375,84100.0,85000.0,83500.0,84300.0,30493347
2024-04-04,81844.7265625,85300.0,85500.0,84300.0,85200.0,25248934
2024-04-05,81077.1328125,84500.0,85000.0,83800.0,84500.0,18883752
2024-04-08,81077.1328125,84500.0,86000.0,84500.0,85200.0,18953232
2024-04-09,80213.59375,83600.0,84900.0,83100.0,84500.0,23725956
2024-04-11,80693.3359375,84100.0,84700.0,82500.0,83200.0,25538009
2024-04-12,80309.5390625,83700.0,84900.0,83200.0,84700.0,17061770
2024-04-15,78870.296875,82200.0,83200.0,81200.0,82900.0,26663772
2024-04-16,76759.4140625,80000.0,81300.0,79400.0,81200.0,31949845
2024-04-17,75703.9765625,78900.0,80800.0,78900.0,80700.0,22611631
2024-04-18,76375.6171875,79600.0,80100.0,78300.0,78800.0,21370190
2024-04-19,74456.640625,77600.0,78700.0,76300.0,78300.0,31317563
2024-04-22,73017.390625,76100.0,77500.0,75100.0,77400.0,30469477
2024-04-23,72441.703125,75500.0,76800.0,75500.0,76400.0,18717699
2024-04-24,75416.1328125,78600.0,78800.0,77200.0,77500.0,22166150
2024-04-25,73209.296875,76300.0,77500.0,76300.0,77300.0,15549134
2024-04-26,73593.09375,76700.0,77900.0,76500.0,77800.0,12755629
2024-04-29,73593.09375,76700.0,77600.0,76200.0,77400.0,14664474
2024-04-30,74360.6796875,77500.0,78500.0,76600.0,77000.0,19007007
2024-05-02,74840.4375,78000.0,78600.0,77300.0,77600.0,18900640
2024-05-03,74456.640625,77600.0,79000.0,77500.0,79000.0,13151889
2024-05-07,78006.7578125,81300.0,81300.0,79400.0,79600.0,26238868
2024-05-08,78006.7578125,81300.0,81400.0,80500.0,80800.0,13089576
2024-05-09,76471.5625,79700.0,81500.0,79700.0,81100.0,18759935
2024-05-10,75991.828125,79200.0,81100.0,78900.0,80400.0,16976124
2024-05-13,75224.21875,78400.0,79900.0,77600.0,79400.0,18652344
2024-05-14,75128.2734375,78300.0,78800.0,77900.0,78600.0,11763992
2024-05-16,75032.328125,78200.0,80300.0,78100.0,80200.0,20989778
2024-05-17,74264.734375,77400.0,78800.0,77200.0,78600.0,15918201
2024-05-20,75703.9765625,78900.0,79100.0,77900.0,78100.0,19456783
2024-05-21,75224.21875,78400.0,79000.0,78200.0,78500.0,13690583
2024-05-22,74552.59375,77700.0,78700.0,77300.0,78100.0,19521506
2024-05-23,75128.2734375,78300.0,79100.0,77100.0,77700.0,18728087
2024-05-24,72825.5078125,75900.0,77000.0,75700.0,76800.0,27891278
2024-05-27,74072.828125,77200.0,78200.0,74000.0,75300.0,43825202
2024-05-28,74456.640625,77600.0,78000.0,76200.0,76500.0,18539072
2024-05-29,72153.84375,75200.0,78200.0,75200.0,77700.0,30244875
2024-05-30,70522.7109375,73500.0,75200.0,73500.0,74800.0,28551273
2024-05-31,70522.7109375,73500.0,74700.0,73500.0,74500.0,26198776
2024-06-03,72633.6015625,75700.0,76400.0,74200.0,74400.0,15706268
2024-06-04,72249.796875,75300.0,76100.0,74900.0,74900.0,14098053
2024-06-05,74264.734375,77400.0,78000.0,76800.0,78000.0,23177968
2024-06-07,74168.78125,77300.0,78600.0,77100.0,78400.0,21189349
2024-06-10,72633.6015625,75700.0,76600.0,75600.0,76100.0,14598755
2024-06-11,72153.84375,75200.0,76000.0,75100.0,75900.0,16971175
2024-06-12,73401.1875,76500.0,77100.0,75200.0,75300.0,19246725
2024-06-13,75416.1328125,78600.0,79000.0,77800.0,78400.0,33763804
2024-06-14,76375.6171875,79600.0,80500.0,79000.0,79700.0,22926612
2024-06-17,74936.375,78100.0,79500.0,78000.0,79200.0,16123051
2024-06-18,76567.515625,79800.0,80200.0,78600.0,78700.0,18207598
2024-06-19,77910.8046875,81200.0,82500.0,80500.0,81100.0,24168863
2024-06-20,78294.609375,81600.0,82200.0,81200.0,81500.0,20288913
2024-06-21,76759.4140625,80000.0,80800.0,80000.0,80700.0,17907523
2024-06-24,77335.109375,80600.0,80900.0,79500.0,79700.0,15454227
2024-06-25,77527.015625,80800.0,81800.0,80100.0,80600.0,19088458
2024-06-26,78006.7578125,81300.0,81400.0,79900.0,80100.0,17783242
2024-06-27,78643.8125,81600.0,81600.0,80500.0,81300.0,11739720
2024-06-28,78547.4375,81500.0,81900.0,80800.0,81900.0,9455929
2024-07-01,78836.5546875,81800.0,82100.0,81300.0,81500.0,11317202
2024-07-02,78836.5546875,81800.0,82600.0,81500.0,82500.0,14471904
2024-07-03,78836.5546875,81800.0,82300.0,81000.0,82300.0,11440328
2024-07-04,81535.125,84600.0,84700.0,82400.0,82900.0,43857229
2024-07-05,83944.5703125,87100.0,87100.0,85200.0,85600.0,45791193
2024-07-08,84233.6953125,87400.0,88600.0,86900.0,87900.0,24035809
2024-07-09,84619.203125,87800.0,88200.0,86900.0,87800.0,21336201
2024-07-10,84619.203125,87800.0,88000.0,87100.0,87600.0,17813847
2024-07-11,84426.4375,87600.0,88800.0,86700.0,88500.0,24677608
2024-07-12,81342.3671875,84400.0,86100.0,84100.0,85900.0,26344386
2024-07-15,83559.0390625,86700.0,87300.0,84100.0,84700.0,25193080
2024-07-16,84522.8203125,87700.0,88000.0,86700.0,86900.0,16166688
2024-07-17,83559.0390625,86700.0,88000.0,86400.0,87100.0,18186490
2024-07-18,83751.8046875,86900.0,86900.0,83800.0,83800.0,24721790
2024-07-19,81342.3671875,84400.0,86100.0,84100.0,85600.0,18569122
2024-07-22,79993.0859375,83000.0,84900.0,82600.0,84400.0,18987560
2024-07-23,80860.484375,83900.0,84700.0,83400.0,84200.0,15766389
2024-07-24,79029.3203125,82000.0,83300.0,81900.0,82900.0,16939083
2024-07-25,77487.28125,80400.0,81000.0,80100.0,80400.0,20323811
2024-07-26,77969.171875,80900.0,81300.0,80400.0,80700.0,14508334
2024-07-29,78258.3046875,81200.0,82000.0,81100.0,81600.0,12797136
2024-07-30,78065.546875,81000.0,81000.0,80000.0,80400.0,13169636
2024-07-31,80860.484375,83900.0,83900.0,80900.0,81200.0,20744323
2024-08-01,80089.4609375,83100.0,86100.0,83100.0,86000.0,20900338
2024-08-02,76716.265625,79600.0,81400.0,79500.0,81000.0,25800275
2024-08-05,68813.3359375,71400.0,76900.0,70200.0,76700.0,54608790
2024-08-06,69873.46875,72500.0,75300.0,72300.0,74900.0,47295226
2024-08-07,71993.7734375,74700.0,76000.0,72800.0,73000.0,32710428
2024-08-08,70740.8828125,73400.0,73900.0,72500.0,73200.0,28414729
2024-08-09,71993.7734375,74700.0,75800.0,74200.0,75700.0,16388222
2024-08-12,72764.8046875,75500.0,75900.0,74800.0,75200.0,9839259
2024-08-13,73343.0625,76100.0,76600.0,75500.0,76500.0,10716261
2024-08-14,74403.2109375,77200.0,77800.0,77000.0,77400.0,13246168
2024-08-16,77294.53125,80200.0,80200.0,78700.0,79400.0,22061478
2024-08-19,75463.359375,78300.0,80100.0,78000.0,80100.0,14146565
2024-08-20,76041.6328125,78900.0,79800.0,78700.0,79500.0,10683836
2024-08-21,75463.359375,78300.0,78600.0,77800.0,77900.0,7805598
2024-08-22,75463.359375,78300.0,78900.0,77800.0,78700.0,8149101
2024-08-23,74885.109375,77700.0,78400.0,77500.0,77700.0,9420306
2024-08-26,73343.0625,76100.0,78200.0,76000.0,78100.0,15655938
2024-08-27,73053.9296875,75800.0,76500.0,75600.0,75700.0,11130145
2024-08-28,73632.1875,76400.0,76400.0,75400.0,75800.0,9794514
2024-08-29,71319.1484375,74000.0,74700.0,73500.0,73600.0,16884479
2024-08-30,71608.2734375,74300.0,75000.0,74100.0,74400.0,16358520
2024-09-02,71704.6484375,74400.0,74700.0,73500.0,74500.0,12641376
2024-09-03,69873.46875,72500.0,74300.0,72500.0,74100.0,16314599
2024-09-04,67464.0546875,70000.0,71100.0,69800.0,69800.0,27366563
2024-09-05,66500.2890625,69000.0,71200.0,69000.0,70100.0,25686769
2024-09-06,66403.90625,68900.0,69700.0,68000.0,69100.0,19022299
2024-09-09,65054.625,67500.0,68200.0,66600.0,66900.0,23263298
2024-09-10,63801.71875,66200.0,67300.0,66000.0,67000.0,30651376
2024-09-11,62548.8203125,64900.0,65500.0,64200.0,65100.0,35809707
2024-09-12,63898.08984375,66300.0,66600.0,65200.0,66000.0,35884106
2024-09-13,62066.9296875,64400.0,65500.0,64300.0,65000.0,25045135
2024-09-19,60814.02734375,63100.0,64400.0,62200.0,64000.0,49402713
2024-09-20,60717.640625,63000.0,64700.0,63000.0,63800.0,32746056
2024-09-23,60332.140625,62600.0,63500.0,62200.0,62300.0,28542376
2024-09-24,60910.41015625,63200.0,63400.0,62400.0,62800.0,26957500
2024-09-25,59946.6328125,62200.0,64200.0,62200.0,63800.0,28652438
2024-09-26,62356.0625,64700.0,64900.0,63700.0,63900.0,37566015
2024-09-27,62221.34375,64200.0,65400.0,64200.0,64700.0,28433030
2024-09-30,59604.55859375,61500.0,64300.0,61500.0,64200.0,32694163
2024-10-02,59410.72265625,61300.0,61900.0,59900.0,60500.0,28473536
2024-10-04,58732.296875,60600.0,61700.0,60500.0,61000.0,24247578
2024-10-07,59119.97265625,61000.0,61900.0,59500.0,60200.0,35066533
2024-10-08,58441.546875,60300.0,61000.0,59900.0,60000.0,27411786
2024-10-10,57084.69140625,58900.0,60200.0,58900.0,60100.0,45262214
2024-10-11,57472.36328125,59300.0,60100.0,59000.0,59100.0,29623969
2024-10-14,57472.36328125,59300.0,61200.0,59400.0,59500.0,20886249
2024-10-15,59119.97265625,61000.0,61400.0,60100.0,61100.0,22715239
2024-10-16,57666.19921875,59500.0,60000.0,59200.0,59400.0,23303268
2024-10-17,57860.0390625,59700.0,60100.0,59100.0,59400.0,23372873
2024-10-18,57375.44140625,59200.0,60100.0,59100.0,59900.0,14420260
2024-10-21,57181.609375,59000.0,59600.0,58500.0,59000.0,18514905
2024-10-22,55921.6796875,57700.0,58900.0,57700.0,58800.0,27582527
2024-10-23,57278.53125,59100.0,60000.0,57100.0,57500.0,27300780
2024-10-24,54855.578125,56600.0,58500.0,56600.0,58200.0,31499922
2024-10-25,54177.1484375,55900.0,56900.0,55800.0,56000.0,25829315
2024-10-28,56309.34765625,58100.0,58500.0,55700.0,55700.0,27775009
2024-10-29,57763.1171875,59600.0,59600.0,57300.0,58000.0,28369314
2024-10-30,57278.53125,59100.0,59800.0,58600.0,59100.0,19838511
2024-10-31,57375.44140625,59200.0,61200.0,58300.0,58500.0,35809196
2024-11-01,56503.19140625,58300.0,59600.0,58100.0,59000.0,19083180
2024-11-04,56890.85546875,58700.0,59400.0,58400.0,58600.0,15586947
2024-11-05,55824.7578125,57600.0,58100.0,57200.0,57800.0,17484474
2024-11-06,55534.00390625,57300.0,58000.0,56300.0,57600.0,22092218
2024-11-07,55534.00390625,57300.0,58100.0,56800.0,56900.0,17043102
2024-11-08,55243.25,57000.0,58300.0,57000.0,58000.0,13877396
2024-11-11,53304.88671875,55000.0,56800.0,55000.0,56700.0,29811326
2024-11-12,51366.52734375,53000.0,54600.0,53000.0,54600.0,37962881
2024-11-13,49040.5,50600.0,53000.0,50500.0,52000.0,52527995
2024-11-14,48362.07421875,49900.0,51800.0,49900.0,50200.0,48510715
2024-11-15,51851.12109375,53500.0,54200.0,50300.0,50300.0,46774485
2024-11-18,54952.5,56700.0,57500.0,55900.0,57000.0,48095234
2024-11-19,54564.82421875,56300.0,57500.0,55900.0,56500.0,31539632
2024-11-20,53595.6484375,55300.0,56500.0,54800.0,56100.0,20864667
2024-11-21,54661.73828125,56400.0,56900.0,54700.0,54900.0,19096850
2024-11-22,54274.0703125,56000.0,56700.0,55900.0,56000.0,15281543
2024-11-25,56115.5078125,57900.0,57900.0,56700.0,57400.0,36237325
2024-11-26,56503.19140625,58300.0,58900.0,57500.0,57900.0,23209405
2024-11-27,54564.82421875,56300.0,57800.0,56000.0,57700.0,21808387
2024-11-28,53789.4765625,55500.0,56400.0,55200.0,56000.0,20001134
2024-11-29,52529.546875,54200.0,55300.0,53800.0,55100.0,24513531
2024-12-02,51948.0390625,53600.0,54400.0,53100.0,54300.0,22044867
2024-12-03,51948.0390625,53600.0,54400.0,53100.0,53100.0,23374603
2024-12-04,51463.44921875,53100.0,53400.0,52000.0,52000.0,29004766
2024-12-05,52044.95703125,53700.0,54400.0,53200.0,53200.0,23588277
2024-12-06,52432.62890625,54100.0,54400.0,52700.0,53900.0,22861874
2024-12-09,51754.20703125,53400.0,54600.0,53200.0,53500.0,26227680
2024-12-10,52335.7109375,54000.0,54500.0,53700.0,54500.0,20783970
2024-12-11,52335.7109375,54000.0,54200.0,53400.0,53600.0,14565947
2024-12-12,54177.1484375,55900.0,56500.0,53900.0,54000.0,33476698
2024-12-13,54370.98828125,56100.0,56300.0,55500.0,55800.0,15908823
2024-12-16,53886.40234375,55600.0,56600.0,55200.0,56300.0,15277277
2024-12-17,52529.546875,54200.0,55200.0,54000.0,54700.0,20215230
2024-12-18,53207.97265625,54900.0,55400.0,54000.0,54100.0,13698937
2024-12-19,51463.44921875,53100.0,53800.0,53100.0,53500.0,22481925
2024-12-20,51366.52734375,53000.0,53100.0,51900.0,52700.0,24674774
2024-12-23,51851.12109375,53500.0,54000.0,53300.0,53400.0,13672650
2024-12-24,52723.37890625,54400.0,54500.0,53600.0,53700.0,11634677
2024-12-26,51948.0390625,53600.0,54600.0,53500.0,54500.0,10517075
2024-12-27,52399.828125,53700.0,54100.0,53200.0,53500.0,10747196
2024-12-30,51911.93359375,53200.0,54000.0,53100.0,53300.0,12624702
2025-01-02,52107.09765625,53400.0,53600.0,52300.0,52700.0,16630538
2025-01-03,53082.87890625,54400.0,55100.0,52800.0,52800.0,19318046
2025-01-06,54546.5625,55900.0,56200.0,54300.0,54400.0,19034284
2025-01-07,54058.66796875,55400.0,57300.0,55400.0,56800.0,17030235
2025-01-08,55912.6640625,57300.0,57500.0,54700.0,54800.0,26593553
2025-01-09,54741.72265625,56100.0,57700.0,56100.0,57600.0,24490592
2025-01-10,53961.09375,55300.0,56500.0,55200.0,56100.0,16059223
2025-01-13,52790.14453125,54100.0,55000.0,54100.0,54600.0,16868600
2025-01-14,52594.98828125,53900.0,54600.0,53700.0,54200.0,17465926
2025-01-15,52399.828125,53700.0,54700.0,53500.0,54100.0,18625025
2025-01-16,52985.3046875,54300.0,55000.0,54100.0,54200.0,18627298
2025-01-17,52399.828125,53700.0,54100.0,53200.0,53800.0,18805344
2025-01-20,52107.09765625,53400.0,53900.0,53300.0,53600.0,11822531
2025-01-21,52204.66796875,53500.0,54300.0,53300.0,53700.0,13535702
2025-01-22,52985.3046875,54300.0,54400.0,53100.0,53400.0,18341991
2025-01-23,52399.828125,53700.0,54100.0,53500.0,53700.0,15588067
2025-01-24,52399.828125,53700.0,53800.0,53200.0,53600.0,11867631
2025-01-31,51131.30859375,52400.0,53000.0,51700.0,52200.0,42186279
2025-02-03,49765.19921875,51000.0,51400.0,50800.0,51100.0,32344897
2025-02-04,51424.04296875,52700.0,53600.0,51500.0,51600.0,27214851
2025-02-05,51619.19921875,52900.0,53800.0,52800.0,53600.0,15974885
2025-02-06,52692.56640625,54000.0,54000.0,53200.0,53400.0,16466025
2025-02-07,52399.828125,53700.0,54200.0,53600.0,53900.0,14476866
2025-02-10,54253.828125,55600.0,55900.0,52900.0,53000.0,27577591
2025-02-11,54351.40625,55700.0,56300.0,55000.0,55500.0,24596196
2025-02-12,54448.984375,55800.0,55900.0,54500.0,55100.0,26428596
2025-02-13,54448.984375,55800.0,56400.0,55600.0,56100.0,22448377
2025-02-14,54644.14453125,56000.0,57300.0,56000.0,56000.0,23979779
2025-02-17,54644.14453125,56000.0,56500.0,55700.0,56100.0,11916027
2025-02-18,55522.34765625,56900.0,57200.0,55900.0,56200.0,22131007
2025-02-19,57278.7734375,58700.0,58900.0,57300.0,57400.0,25395151
2025-02-20,56986.0390625,58400.0,59100.0,58100.0,59100.0,21589059
2025-02-21,56790.87890625,58200.0,58500.0,57100.0,58400.0,22198428
2025-02-24,55912.6640625,57300.0,57700.0,57200.0,57300.0,14138471
2025-02-25,55815.08984375,57200.0,57800.0,56500.0,56600.0,14625181
2025-02-26,55229.61328125,56600.0,57100.0,56100.0,57000.0,18117091
2025-02-27,54936.87890625,56300.0,57100.0,56200.0,56500.0,14975356
2025-02-28,53180.45703125,54500.0,55700.0,54500.0,55400.0,28036698
2025-03-04,53180.45703125,54500.0,55000.0,53800.0,53900.0,18553933
2025-03-05,52692.56640625,54000.0,55400.0,54000.0,55100.0,16578817
2025-03-06,52985.3046875,54300.0,54500.0,54000.0,54100.0,12258101
2025-03-07,52399.828125,53700.0,54200.0,53400.0,53500.0,14274992
2025-03-10,52399.828125,53700.0,54800.0,53500.0,53500.0,12921670
2025-03-11,52302.25390625,53600.0,54100.0,52500.0,52500.0,17740891
2025-03-12,53570.7734375,54900.0,55300.0,53600.0,53800.0,17973221
2025-03-13,53375.62109375,54700.0,55900.0,54200.0,55800.0,24132151
2025-03-14,53375.62109375,54700.0,55100.0,54400.0,54500.0,10845154
2025-03-17,56205.3984375,57600.0,57800.0,55400.0,55500.0,35559021
2025-03-18,56205.3984375,57600.0,59000.0,57300.0,58800.0,28138594
2025-03-19,57083.61328125,58500.0,59200.0,57400.0,57400.0,29421759
2025-03-20,58742.453125,60200.0,60300.0,58500.0,59200.0,34989004
2025-03-21,60206.13671875,61700.0,61700.0,60400.0,60900.0,40155612
2025-03-24,59035.1875,60500.0,61600.0,60500.0,61200.0,14088094
2025-03-25,58352.13671875,59800.0,61100.0,59500.0,60900.0,17259455
2025-03-26,59913.3984375,61400.0,61400.0,59700.0,59800.0,16431645
2025-03-27,60303.71484375,61800.0,62000.0,60800.0,60900.0,20389790
2025-03-28,59091.45703125,60200.0,61100.0,60000.0,60700.0,16282514
2025-03-31,56735.65234375,57800.0,59700.0,57800.0,59500.0,17633494
2025-04-01,57717.23828125,58800.0,59600.0,57900.0,58700.0,13841706
2025-04-02,57717.23828125,58800.0,59400.0,58300.0,58800.0,14402297
2025-04-03,56539.33203125,57600.0,57800.0,56900.0,56900.0,19508076
2025-04-04,55066.95703125,56100.0,58200.0,55700.0,56200.0,23527139
2025-04-07,52220.359375,53200.0,54100.0,53100.0,53300.0,31998883
2025-04-08,52514.83203125,53500.0,55300.0,53300.0,55000.0,25532845
2025-04-09,52024.0390625,53000.0,54300.0,52900.0,53300.0,20576960
2025-04-10,55361.4296875,56400.0,56700.0,55000.0,56600.0,22948172
2025-04-11,54183.53125,55200.0,55700.0,54800.0,55600.0,13930480
2025-04-14,55165.11328125,56200.0,56700.0,55800.0,56300.0,12852613
2025-04-15,55557.74609375,56600.0,57100.0,56200.0,56300.0,8998640
2025-04-16,53692.73828125,54700.0,56200.0,54500.0,56000.0,14437025
2025-04-17,54085.37109375,55100.0,55300.0,54500.0,54700.0,10867069
2025-04-18,54281.69140625,55300.0,55600.0,54900.0,55300.0,5848342
2025-04-21,54379.84765625,55400.0,56000.0,55100.0,55200.0,5941847
2025-04-22,53987.2109375,55000.0,55500.0,54700.0,54900.0,9532469
2025-04-23,54674.3203125,55700.0,56100.0,55500.0,56000.0,11148692
2025-04-24,54674.3203125,55700.0,55800.0,55200.0,55600.0,10580377
2025-04-25,54674.3203125,55700.0,56400.0,55600.0,56400.0,12183303
2025-04-28,54772.484375,55800.0,55900.0,55500.0,55800.0,9341518
2025-04-29,54772.484375,55800.0,56500.0,55600.0,55700.0,10295518
2025-04-30,54478.00390625,55500.0,56000.0,55300.0,55900.0,13014189
2025-05-02,53300.1015625,54300.0,55500.0,54200.0,55000.0,22454204
2025-05-07,53594.578125,54600.0,55000.0,54300.0,54500.0,17136991
2025-05-08,53594.578125,54600.0,55500.0,54500.0,55100.0,16320532
2025-05-09,53790.8984375,54800.0,55000.0,54400.0,54700.0,7814322
2025-05-12,56539.33203125,57600.0,57600.0,55000.0,55200.0,15414702
2025-05-13,55852.22265625,56900.0,58200.0,56800.0,57700.0,16842801
2025-05-14,56343.015625,57400.0,57900.0,57000.0,57500.0,12468089
2025-05-15,56244.859375,57300.0,58600.0,57100.0,57400.0,13139736
2025-05-16,55754.06640625,56800.0,57500.0,56700.0,57400.0,10385352
2025-05-19,54772.484375,55800.0,56400.0,55500.0,56400.0,9802105
2025-05-20,54870.640625,55900.0,56700.0,55700.0,56200.0,9080577
2025-05-21,54674.3203125,55700.0,56600.0,55700.0,56200.0,7794181
2025-05-22,53692.73828125,54700.0,55500.0,54500.0,55300.0,15254278
2025-05-23,53201.9453125,54200.0,55200.0,54100.0,55000.0,11247115
2025-05-26,53692.73828125,54700.0,55000.0,53700.0,53900.0,10901337
2025-05-27,52907.47265625,53900.0,54500.0,53800.0,54200.0,13439520
2025-05-28,54870.640625,55900.0,56100.0,54200.0,54300.0,17516283
2025-05-29,55066.95703125,56100.0,56400.0,55600.0,56200.0,12936810
2025-05-30,55165.11328125,56200.0,57200.0,55800.0,56200.0,26219683
2025-06-02,55754.06640625,56800.0,57300.0,56200.0,56300.0,12870515
2025-06-04,56735.65234375,57800.0,57900.0,56800.0,57200.0,19649983
2025-06-05,58011.7109375,59100.0,59900.0,57900.0,58100.0,23266027
2025-06-09,58698.82421875,59800.0,60400.0,59500.0,60400.0,19609659
2025-06-10,58109.87109375,59200.0,60100.0,58800.0,60000.0,15305760
2025-06-11,58796.98046875,59900.0,60100.0,59400.0,59500.0,13610734
2025-06-12,58404.34765625,59500.0,60000.0,59300.0,59700.0,17755115
2025-06-13,57226.4453125,58300.0,60200.0,57700.0,60200.0,20705979
2025-06-16,56146.69921875,57200.0,58100.0,56900.0,58000.0,22200872
2025-06-17,57030.125,58100.0,59800.0,57400.0,57800.0,28637003
2025-06-18,58698.82421875,59800.0,59800.0,57900.0,58000.0,17620705
2025-06-19,58109.87109375,59200.0,60600.0,59000.0,60500.0,16876278
2025-06-20,58404.34765625,59500.0,59800.0,59100.0,59400.0,18072251
2025-06-23,56931.96875,58000.0,58500.0,57600.0,58400.0,16551694
2025-06-24,59385.9296875,60500.0,60600.0,59300.0,59400.0,23737899
2025-06-25,60171.20703125,61300.0,61600.0,60300.0,61500.0,23933612
2025-06-26,59091.45703125,60200.0,61300.0,59900.0,61300.0,19402300
2025-06-27,60046.47265625,60800.0,61600.0,60000.0,60100.0,17340470
2025-06-30,59058.8671875,59800.0,61200.0,59800.0,61200.0,17110294
2025-07-01,59453.91015625,60200.0,61100.0,60200.0,60400.0,13650991
2025-07-02,60046.47265625,60800.0,60900.0,59800.0,60200.0,15047951
2025-07-03,63009.296875,63800.0,63800.0,61100.0,61300.0,32040639
2025-07-04,62515.4921875,63300.0,64700.0,63000.0,64700.0,23748959
2025-07-07,60935.3203125,61700.0,63300.0,61700.0,62900.0,17164708
2025-07-08,60639.03515625,61400.0,62400.0,61000.0,61600.0,20213724
2025-07-09,59651.4296875,60400.0,61400.0,60200.0,61400.0,17533415
2025-07-10,60243.9921875,61000.0,61200.0,60400.0,60600.0,14768473
2025-07-11,61824.1640625,62600.0,62800.0,61200.0,61300.0,19140650
2025-07-14,61725.40625,62500.0,62600.0,61800.0,62300.0,13563846
2025-07-15,62910.53515625,63700.0,63800.0,62000.0,62300.0,18442202
2025-07-16,63898.140625,64700.0,64700.0,63100.0,63700.0,23042660
2025-07-17,65873.3515625,66700.0,66800.0,64400.0,65900.0,39448683
2025-07-18,66268.390625,67100.0,67800.0,66300.0,67000.0,23951531
2025-07-21,66959.7265625,67800.0,68800.0,67200.0,67400.0,17723148
2025-07-22,65182.03125,66000.0,68500.0,65600.0,68100.0,20829006
2025-07-23,65577.0703125,66400.0,66500.0,64900.0,66200.0,15687058
2025-07-24,65182.03125,66000.0,66800.0,65900.0,66500.0,12660193
2025-07-25,65083.26953125,65900.0,66300.0,65500.0,65700.0,8080910
2025-07-28,69527.5,70400.0,70400.0,67200.0,68200.0,35332500
2025-07-29,69725.015625,70600.0,70800.0,68800.0,70800.0,28190940
2025-07-30,71700.234375,72600.0,73700.0,70600.0,71000.0,34761444
2025-07-31,70515.1015625,71400.0,74000.0,71000.0,73000.0,26568072
2025-08-01,68046.0859375,68900.0,72000.0,68800.0,70200.0,24038534
2025-08-04,68836.1796875,69700.0,70200.0,68700.0,69500.0,14780072
2025-08-05,69033.6875,69900.0,71500.0,69700.0,71000.0,14392903
2025-08-06,67947.328125,68800.0,69400.0,68300.0,69200.0,12542415
2025-08-07,69626.25,70500.0,71000.0,69700.0,70800.0,15008213
2025-08-08,70910.140625,71800.0,72400.0,70700.0,71000.0,22241128
2025-08-11,70120.0625,71000.0,72100.0,70800.0,72000.0,11354253
2025-08-12,70218.8203125,71100.0,72400.0,71100.0,71100.0,15797656
2025-08-13,71008.90625,71900.0,72100.0,71400.0,71900.0,12305742
2025-08-14,70712.6328125,71600.0,71900.0,71200.0,71900.0,11946122
2025-08-18,69132.453125,70000.0,71200.0,70000.0,71100.0,13595591
2025-08-19,69132.453125,70000.0,70700.0,69700.0,70400.0,10533082
2025-08-20,69626.25,70500.0,70700.0,69400.0,70100.0,17445516
2025-08-21,69725.015625,70600.0,71900.0,70600.0,71500.0,18843833
2025-08-22,70515.1015625,71400.0,71800.0,70800.0,71700.0,9277432
2025-08-25,70613.859375,71500.0,71800.0,71000.0,71700.0,10345178
2025-08-26,69428.734375,70300.0,71100.0,70300.0,70800.0,14712519
2025-08-27,69725.015625,70600.0,70900.0,69800.0,70100.0,10523405
2025-08-28,68737.4140625,69600.0,70400.0,69600.0,70100.0,11578024
2025-08-29,68836.1796875,69700.0,70500.0,69700.0,70100.0,11682267
2025-09-01,66762.1953125,67600.0,68600.0,67500.0,68400.0,12002343
2025-09-02,68243.6015625,69100.0,69500.0,67800.0,67800.0,10604028
2025-09-03,68934.9375,69800.0,69800.0,68800.0,69200.0,10283009
2025-09-04,69231.2109375,70100.0,70100.0,69300.0,69500.0,12284414
2025-09-05,68638.6484375,69500.0,70400.0,69500.0,70300.0,11526724
2025-09-08,69231.2109375,70100.0,70500.0,69600.0,69800.0,9263135
2025-09-09,70613.859375,71500.0,71500.0,70000.0,70100.0,14870245
2025-09-10,71700.234375,72600.0,72800.0,71600.0,71800.0,21928565
2025-09-11,72490.3125,73400.0,73600.0,72100.0,73200.0,20793501
2025-09-12,74465.53125,75400.0,75600.0,74200.0,74600.0,28219678
2025-09-15,75551.8984375,76500.0,77600.0,75900.0,77200.0,19908805
2025-09-16,78415.953125,79400.0,79500.0,76700.0,76900.0,28218265
2025-09-17,77230.8203125,78200.0,79100.0,77100.0,79100.0,20856317
2025-09-18,79304.796875,80300.0,80500.0,78600.0,79100.0,25619035
2025-09-22,82465.140625,83500.0,84000.0,81100.0,81500.0,27529656
2025-09-23,83650.2734375,84700.0,85900.0,83600.0,85800.0,23610263
2025-09-24,84341.59375,85400.0,85500.0,83700.0,84200.0,18300997
2025-09-25,85032.921875,86100.0,86200.0,84100.0,84400.0,19665151
2025-09-26,82267.6171875,83300.0,85300.0,82400.0,85000.0,24071193
2025-09-29,83527.4765625,84200.0,85000.0,83200.0,83300.0,13069094
2025-09-30,83229.875,83900.0,84900.0,83400.0,84600.0,16319061
2025-10-01,85313.09375,86000.0,86200.0,84700.0,84900.0,22039361
2025-10-02,89033.15625,89750.0,90300.0,88700.0,89300.0,49883028
2025-10-10,93646.0078125,94400.0,94500.0,92700.0,94000.0,35269748
2025-10-13,92554.796875,93300.0,93400.0,90700.0,91300.0,23883308
2025-10-14,90868.375,91600.0,96000.0,90200.0,95300.0,35545235
2025-10-15,94241.2109375,95000.0,95300.0,92100.0,92300.0,21050111
2025-10-16,96919.6484375,97700.0,97700.0,95000.0,95300.0,28141060
2025-10-17,97118.046875,97900.0,99100.0,96700.0,97200.0,22730809
2025-10-20,97316.453125,98100.0,98300.0,96000.0,97900.0,17589756
2025-10-21,96721.25,97500.0,99900.0,97300.0,98500.0,22803830
2025-10-22,97812.4609375,98600.0,98600.0,95500.0,97100.0,15937611
2025-10-23,95729.234375,96500.0,98500.0,96300.0,96800.0,18488581
2025-10-24,98010.8671875,98800.0,99000.0,97700.0,97900.0,18801925
2025-10-27,101185.296875,102000.0,102000.0,100600.0,101300.0,22169970
2025-10-28,98705.2734375,99500.0,101000.0,99100.0,100900.0,20002282
2025-10-29,99697.2890625,100500.0,101000.0,99100.0,100200.0,20899788
2025-10-30,103268.53125,104100.0,105800.0,102000.0,102400.0,34570017
2025-10-31,106641.3828125,107500.0,108600.0,103300.0,105000.0,54824564
2025-11-03,110212.625,111100.0,111500.0,106500.0,106900.0,30110066
2025-11-04,104062.140625,104900.0,112400.0,104900.0,111800.0,30450281
2025-11-05,99796.484375,100600.0,102000.0,96700.0,101000.0,44843020
2025-11-06,98407.6640625,99200.0,103800.0,98800.0,103700.0,28655689
2025-11-07,97118.046875,97900.0,100300.0,96300.0,96400.0,22908083
2025-11-10,99796.484375,100600.0,101000.0,97900.0,98600.0,23842327
2025-11-11,102673.328125,103500.0,106000.0,102000.0,103700.0,27742542
2025-11-12,102276.515625,103100.0,103900.0,101600.0,103000.0,19413497
2025-11-13,101978.921875,102800.0,104200.0,102300.0,102500.0,20838741
2025-11-14,96423.640625,97200.0,99600.0,97200.0,99000.0,21806342
2025-11-17,99796.484375,100600.0,101000.0,99500.0,99800.0,17192584
2025-11-18,97018.8515625,97800.0,100900.0,97500.0,99800.0,18684068
2025-11-19,95729.234375,96500.0,97500.0,94600.0,97100.0,18993346
2025-11-20,99796.484375,100600.0,102900.0,99500.0,100900.0,25360435
2025-11-21,94042.8203125,94800.0,96800.0,94500.0,95600.0,23103574
2025-11-24,95927.640625,96700.0,99000.0,96200.0,97800.0,29831172
2025-11-25,98506.8671875,99300.0,101400.0,97800.0,101400.0,16110054
2025-11-26,101978.921875,102800.0,102900.0,99300.0,100500.0,21314975
2025-11-27,102673.328125,103500.0,105500.0,102700.0,104100.0,16453004
2025-11-28,99697.2890625,100500.0,103800.0,100500.0,103800.0,15292277
2025-12-01,99994.8984375,100800.0,102800.0,99900.0,102000.0,10905526
2025-12-02,102574.125,103400.0,103500.0,101000.0,101200.0,13649487
2025-12-03,103665.3359375,104500.0,105500.0,104000.0,104700.0,14697927
2025-12-04,104260.546875,105100.0,105100.0,103200.0,103900.0,11931145
2025-12-05,107534.1875,108400.0,108400.0,104600.0,105300.0,19755571
2025-12-08,108625.3984375,109500.0,110000.0,108000.0,109700.0,15527762
2025-12-09,107534.1875,108400.0,109400.0,107300.0,108900.0,13671800
2025-12-10,107137.375,108000.0,109800.0,107400.0,108300.0,12365092
2025-12-11,106442.96875,107300.0,110500.0,107300.0,109200.0,22994507
2025-12-12,108030.1953125,108900.0,108900.0,106800.0,107100.0,14210314
2025-12-15,103962.9453125,104800.0,105800.0,104600.0,105300.0,20594654
2025-12-16,101978.921875,102800.0,105600.0,102700.0,104900.0,18852079
2025-12-17,107038.1796875,107900.0,108100.0,103400.0,103500.0,22297611
2025-12-18,106740.5859375,107600.0,108200.0,105700.0,106400.0,20445631
2025-12-19,105450.9609375,106300.0,109700.0,106200.0,109700.0,25917098
2025-12-22,109617.4140625,110500.0,110500.0,109300.0,109700.0,24859171
2025-12-23,110609.4296875,111500.0,112500.0,110400.0,110900.0,20419187
2025-12-24,110212.625,111100.0,112400.0,110900.0,112400.0,12492939
2025-12-26,116065.4921875,117000.0,117000.0,112400.0,112400.0,34018174
2025-12-29,119121.796875,119500.0,119700.0,118200.0,119400.0,19676004
2025-12-30,119520.53125,119900.0,121200.0,118700.0,119100.0,19746349
2026-01-02,128093.3125,128500.0,128500.0,120200.0,120200.0,30463279
2026-01-05,137662.9375,138100.0,138600.0,133600.0,134600.0,42863376
2026-01-06,138460.390625,138900.0,139300.0,132700.0,135300.0,45321341
2026-01-07,140553.75,141000.0,144400.0,137600.0,143500.0,46317413
2026-01-08,138360.71875,138800.0,144500.0,138300.0,138300.0,41449329
2026-01-09,138560.078125,139000.0,140700.0,135200.0,136000.0,29520566
2026-01-12,138360.71875,138800.0,142000.0,136900.0,141000.0,26271134
2026-01-13,137164.515625,137600.0,140200.0,136900.0,139800.0,22384699
2026-01-14,139855.96875,140300.0,140300.0,136800.0,137000.0,18444394
2026-01-15,143444.578125,143900.0,144000.0,138300.0,139000.0,24701126
2026-01-16,148428.75,148900.0,149500.0,144300.0,145300.0,30000219
2026-01-19,148827.484375,149300.0,150600.0,146600.0,147200.0,22762497
2026-01-20,144740.46875,145200.0,149300.0,143900.0,148500.0,24059218
2026-01-21,149026.859375,149500.0,149800.0,141800.0,141900.0,31703610
2026-01-22,151817.984375,152300.0,157000.0,150800.0,155000.0,32073624
2026-01-23,151618.609375,152100.0,156000.0,150100.0,154700.0,25407497
2026-01-26,151618.609375,152100.0,156400.0,151500.0,154900.0,20561689
2026-01-27,158995.203125,159500.0,159500.0,149200.0,150500.0,29423670
2026-01-28,161886.015625,162400.0,163300.0,160200.0,162600.0,29456431
2026-01-29,160191.40625,160700.0,166600.0,157100.0,166200.0,36087223
2026-01-30,159992.03125,160500.0,166500.0,160100.0,160100.0,40557267
2026-02-02,149924.0,150400.0,159600.0,150400.0,155700.0,39748369
2026-02-03,166969.890625,167500.0,167500.0,157200.0,157900.0,36529813
2026-02-04,168564.828125,169100.0,169400.0,163100.0,163500.0,29943042
2026-02-05,158795.84375,159300.0,164000.0,158500.0,162000.0,38435228
2026-02-06,158098.046875,158600.0,160300.0,151600.0,154100.0,36358081
2026-02-09,165873.359375,166400.0,168700.0,165000.0,168600.0,25098971
2026-02-10,165275.265625,165800.0,168100.0,165500.0,167400.0,19369566
2026-02-11,167268.9375,167800.0,168600.0,162000.0,164000.0,22760242
2026-02-12,178034.75,178600.0,179600.0,170100.0,171200.0,41296011
2026-02-13,180626.53125,181200.0,184400.0,178900.0,179500.0,34454192
2026-02-19,189398.671875,190000.0,190900.0,187100.0,188000.0,27049388
2026-02-20,189498.359375,190100.0,190300.0,188600.0,190000.0,24213880
2026-02-23,192389.1875,193000.0,197600.0,190500.0,194400.0,26364684
2026-02-24,199367.015625,200000.0,200000.0,192000.0,193000.0,28060617
2026-02-25,202855.953125,203500.0,206000.0,201000.0,202500.0,26987996
2026-02-26,217310.046875,218000.0,219000.0,206000.0,206500.0,30095763
2026-02-27,215814.796875,216500.0,223000.0,210000.0,210000.0,51774768
2026-03-03,194482.53125,195100.0,212500.0,195100.0,209500.0,54879010
2026-03-04,171655.0,172200.0,195900.0,171900.0,184200.0,89427954
2026-03-05,190993.609375,191600.0,199700.0,188100.0,195000.0,53959129
2026-03-06,187604.359375,188200.0,189700.0,181000.0,186100.0,29522650
2026-03-09,172950.90625,173500.0,175500.0,167300.0,173500.0,43066020
2026-03-10,187305.3125,187900.0,191500.0,184300.0,187600.0,33530170
2026-03-11,189398.671875,190000.0,194800.0,187700.0,193000.0,24311356
2026-03-12,187305.3125,187900.0,190000.0,185900.0,186600.0,20440753
2026-03-13,182919.25,183500.0,186200.0,179900.0,180000.0,19566331
2026-03-16,188102.78125,188700.0,189000.0,183600.0,184600.0,19747901
2026-03-17,193286.328125,193900.0,198000.0,193100.0,198000.0,20300082
2026-03-18,207840.125,208500.0,209000.0,199700.0,200500.0,25148481
2026-03-19,199865.4375,200500.0,205000.0,199600.0,199900.0,19884483
2026-03-20,198768.921875,199400.0,202500.0,199000.0,202000.0,35279762
2026-03-23,185710.375,186300.0,191200.0,186300.0,190500.0,30268173
2026-03-24,189099.625,189700.0,196000.0,185500.0,195500.0,25458914
2026-03-25,188401.84375,189000.0,196400.0,189000.0,193700.0,22995904
2026-03-26,179530.0,180100.0,185900.0,178900.0,185500.0,32074131
2026-03-27,179530.0,180100.0,181700.0,172000.0,172100.0,29138966
2026-03-30,176105.78125,176300.0,176650.0,170600.0,171000.0,22269147
2026-03-31,167015.8125,167200.0,174700.0,167000.0,170000.0,38659593
2026-04-01,189441.078125,189650.0,190800.0,178000.0,179000.0,32390251
2026-04-02,178203.46875,178400.0,193600.0,175000.0,192600.0,38615231
2026-04-03,185994.875,186200.0,187200.0,182700.0,184200.0,20194447
2026-04-06,192887.28125,193100.0,194600.0,190100.0,190900.0,20635958
2026-04-07,196283.53125,196500.0,202500.0,192400.0,202000.0,30848053
2026-04-08,210268.109375,210500.0,214500.0,207500.0,214000.0,35890973
2026-04-09,203775.265625,204000.0,207500.0,202000.0,207000.0,42320839
2026-04-10,205773.0625,206000.0,211000.0,205500.0,208500.0,18244459
2026-04-13,200778.578125,201000.0,203000.0,198200.0,198200.0,19603415
2026-04-14,206272.515625,206500.0,210000.0,205500.0,208000.0,23672078
2026-04-15,210767.5625,211000.0,215500.0,210000.0,215000.0,24092884
2026-04-16,217260.40625,217500.0,218000.0,210500.0,212000.0,21499788
2026-04-17,215762.046875,216000.0,218000.0,215000.0,217000.0,18079322
2026-04-20,214263.703125,214500.0,219000.0,213000.0,214500.0,17107741
2026-04-21,218758.75,219000.0,220000.0,216000.0,218000.0,16752132
2026-04-22,217260.40625,217500.0,222500.0,215500.0,218500.0,16823480
2026-04-23,224252.6875,224500.0,229500.0,216000.0,223000.0,34525485
2026-04-24,219258.203125,219500.0,225000.0,216500.0,224000.0,19626666
2026-04-27,224252.6875,224500.0,226000.0,218500.0,220000.0,22870374
2026-04-28,221755.4375,222000.0,226000.0,221500.0,224000.0,18444490
2026-04-29,225751.03125,226000.0,228000.0,218500.0,219500.0,20363756
2026-04-30,220257.09375,220500.0,230000.0,220500.0,229000.0,22161975
2026-05-04,232243.875,232500.0,232500.0,224000.0,228000.0,32920816
2026-05-06,265706.96875,266000.0,270000.0,251000.0,254000.0,53097996
2026-05-07,271200.90625,271500.0,277000.0,260000.0,272000.0,41404687
2026-05-08,268204.21875,268500.0,270000.0,260000.0,260000.0,25875880
2026-05-11,285185.5,285500.0,288500.0,280000.0,284500.0,36031094
2026-05-12,278692.65625,279000.0,291500.0,266000.0,290000.0,41211149
2026-05-13,283687.15625,284000.0,285500.0,262000.0,264000.0,35540134
2026-05-14,295673.9375,296000.0,299500.0,282000.0,282000.0,39314752
2026-05-15,270202.0,270500.0,296500.0,266000.0,291000.0,38075487
2026-05-18,280690.4375,281000.0,288500.0,262000.0,269500.0,33555214
2026-05-19,275196.5,275500.0,281500.0,266000.0,274000.0,30767569
2026-05-20,275695.96875,276000.0,282500.0,263500.0,278000.0,35662077
2026-05-21,299170.0625,299500.0,299500.0,287000.0,291000.0,36168689
2026-05-22,292177.78125,292500.0,300500.0,292000.0,300000.0,18395274
2026-05-26,298670.625,299000.0,302000.0,297500.0,298000.0,23441371
2026-05-27,306661.8125,307000.0,323000.0,306000.0,321500.0,33916688
2026-05-28,299170.0625,299500.0,306500.0,287500.0,305000.0,30195334
2026-05-29,316650.78125,317000.0,319000.0,305500.0,309500.0,37241537
2026-06-01,348615.53125,349000.0,354500.0,319500.0,319500.0,45052488
2026-06-02,360102.875,360500.0,370000.0,342000.0,360500.0,44720282
2026-06-04,351112.78125,351500.0,366000.0,348000.0,349000.0,34771037
2026-06-05,328637.5625,329000.0,343000.0,325000.0,333500.0,33725012
2026-06-08,295174.46875,295500.0,315500.0,292500.0,293000.0,38929682
2026-06-09,321645.28125,322000.0,324000.0,300000.0,310000.0,30124249
2026-06-10,302166.75,302500.0,314500.0,295250.0,311000.0,1191
2026-06-11,298670.625,299000.0,306500.0,287500.0,290500.0,31420307
2026-06-12,322144.71875,322500.0,339000.0,320000.0,326000.0,31006148
2026-06-15,336628.75,337000.0,344500.0,334000.0,342500.0,21500067
2026-06-16,342622.15625,343000.0,345500.0,332500.0,343000.0,17548685
2026-06-17,346118.28125,346500.0,348000.0,331500.0,332000.0,18134051
2026-06-18,362100.65625,362500.0,363000.0,344500.0,345000.0,32764450
2026-06-19,353610.03125,354000.0,374500.0,346250.0,372500.0,43284898
2026-06-22,353110.59375,353500.0,363000.0,342000.0,343000.0,24330451
2026-06-23,309658.5,310000.0,353000.0,310000.0,347500.0,41266630
2026-06-24,340124.90625,340500.0,341000.0,314000.0,314000.0,47809959
2026-06-25,358105.0625,358500.0,362500.0,352000.0,359500.0,36157158
2026-06-26,339126.0,339500.0,356500.0,321500.0,354000.0,39735951
2026-06-29,323000.0,323000.0,335500.0,316000.0,331000.0,35436521
2026-06-30,334000.0,334000.0,343000.0,321000.0,323500.0,29237216
2026-07-01,314500.0,314500.0,339000.0,311500.0,334500.0,24968382
2026-07-02,286000.0,286000.0,304000.0,281500.0,290000.0,38905074
2026-07-03,309500.0,309500.0,313000.0,283500.0,288500.0,31520538
2026-07-06,318000.0,318000.0,325000.0,303000.0,320000.0,23872879
2026-07-07,296000.0,296000.0,310000.0,286000.0,307000.0,32421032
2026-07-08,277500.0,277500.0,300000.0,273500.0,285500.0,33525758
2026-07-09,278000.0,278000.0,291500.0,267500.0,288500.0,29703616
2026-07-10,285000.0,285000.0,298000.0,282000.0,291000.0,20088811
2026-07-13,254500.0,254500.0,292500.0,253000.0,285000.0,31882652
2026-07-14,263000.0,263000.0,270000.0,247000.0,255000.0,40086496
2026-07-15,279500.0,279500.0,284500.0,273000.0,283500.0,24873414
2026-07-16,255000.0,255000.0,265500.0,252500.0,264500.0,27001478
2026-07-20,244000.0,244000.0,257500.0,240000.0,241000.0,26804038
2026-07-21,259000.0,259000.0,263500.0,243000.0,247000.0,20386896
2026-07-22,260500.0,260500.0,276000.0,260000.0,276000.0,22292003
2026-07-23,270000.0,270000.0,273000.0,263000.0,269000.0,16011816
2026-07-24,249500.0,249500.0,266500.0,247000.0,266000.0,26175580
2026-07-27,254000.0,254000.0,258500.0,246000.0,257000.0,23296044
2026-07-28,220000.0,220000.0,240000.0,218500.0,238500.0,41639623
2026-07-29,208500.0,208500.0,234000.0,189200.0,226500.0,65555523
2026-07-30,207000.0,207000.0,226000.0,202000.0,214000.0,46694193
2026-07-31,262500.0,262500.0,267000.0,243000.0,257000.0,58478873
2026-08-03,239500.0,239500.0,249500.0,238000.0,248000.0,27825493
2026-08-04,240000.0,240000.0,244500.0,228000.0,244500.0,29433821
2026-08-05,246000.0,246000.0,254500.0,244000.0,254000.0,22577128
2026-08-06,230500.0,230500.0,246000.0,228000.0,241500.0,26101823
2026-08-07,231000.0,231000.0,239500.0,229000.0,235000.0,20546010
2026-08-10,230000.0,230000.0,238500.0,228500.0,236000.0,16327805
2026-08-11,239500.0,239500.0,243000.0,227500.0,229500.0,23310969
2026-08-12,255500.0,255500.0,260500.0,241000.0,243500.0,27102479
2026-08-13,268000.0,268000.0,271000.0,262500.0,267500.0,35530867
2026-08-14,274500.0,274500.0,275500.0,266000.0,275000.0,21669476
2026-08-18,268500.0,268500.0,288000.0,265000.0,283000.0,24464621
2026-08-19,247500.0,247500.0,254500.0,246500.0,251500.0,22788552
2026-08-20,271000.0,271000.0,273000.0,252500.0,257000.0,26095919
2026-08-21,281500.0,281500.0,285000.0,266000.0,267000.0,27746471
